Year,Accession,Plot.ID,Plant.Number,Plant.Age,Brace.Root.Status,Operator,Flexural.Rigidity..EI....IMU,Brace.Root.Whorls.in.the.Soil,ID
2018,PHHB4,2307,1,dry,A,LE,4.139581222,2,PHHB4_2307
2018,PHHB4,2307,2,dry,A,LE,9.767732118,2,PHHB4_2307
2018,PHHB4,2307,3,dry,A,LE,6.260516961,2,PHHB4_2307
2018,PHHB4,2307,4,dry,A,LE,9.437420104,2,PHHB4_2307
2018,PHHB4,2307,5,dry,A,LE,3.83349543,2,PHHB4_2307
2018,CML333,2308,1,dry,A,LE,2.764771173,2,CML333_2308
2018,CML333,2308,2,dry,A,LE,5.493959374,3,CML333_2308
2018,CML333,2308,3,dry,A,LE,7.768386472,3,CML333_2308
2018,CML333,2308,4,dry,A,LE,13.74032556,3,CML333_2308
2018,Tzi8,2309,1,dry,A,LE,11.3555738,2,Tzi8_2309
2018,Tzi8,2309,2,dry,A,LE,5.393176776,2,Tzi8_2309
2018,Tzi8,2309,3,dry,A,LE,8.118560166,2,Tzi8_2309
2018,Tzi8,2309,4,dry,A,LE,14.16158118,2,Tzi8_2309
2018,Tzi8,2309,5,dry,A,LE,12.85568926,2,Tzi8_2309
2018,CML277,2310,1,dry,A,LE,7.133969462,2,CML277_2310
2018,CML277,2310,2,dry,A,LE,6.322183358,1,CML277_2310
2018,CML277,2310,3,dry,A,LE,7.830425917,1,CML277_2310
2018,CML277,2310,4,dry,A,LE,13.818285,1,CML277_2310
2018,CML277,2310,5,dry,A,LE,7.327373267,2,CML277_2310
2018,Oh43,2312,1,dry,A,LE,5.882141221,1,Oh43_2312
2018,Oh43,2312,2,dry,A,LE,4.17475697,1,Oh43_2312
2018,Oh43,2312,3,dry,A,LE,4.158371485,1,Oh43_2312
2018,Oh43,2312,4,dry,A,LE,3.999693799,1,Oh43_2312
2018,Oh43,2312,5,dry,A,LE,4.556668736,1,Oh43_2312
2018,CML322,2314,1,dry,A,LE,14.81459779,3,CML322_2314
2018,CML322,2314,2,dry,A,LE,11.5228575,2,CML322_2314
2018,CML322,2314,3,dry,A,LE,14.70996712,2,CML322_2314
2018,CML322,2314,4,dry,A,LE,9.642082654,2,CML322_2314
2018,CML322,2314,5,dry,A,LE,11.54166354,2,CML322_2314
2018,CML277,2315,1,dry,A,LE,7.698746704,1,CML277_2315
2018,CML277,2315,2,dry,A,LE,9.5840327,1,CML277_2315
2018,CML277,2315,3,dry,A,LE,10.46593414,1,CML277_2315
2018,CML277,2315,4,dry,A,LE,7.081142623,1,CML277_2315
2018,CML277,2315,5,dry,A,LE,12.71832161,2,CML277_2315
2018,LH211,2316,1,dry,A,LE,7.875011272,3,LH211_2316
2018,LH211,2316,2,dry,A,LE,5.568571157,2,LH211_2316
2018,LH211,2316,3,dry,A,LE,5.944652368,2,LH211_2316
2018,LH211,2316,4,dry,A,LE,5.590387218,2,LH211_2316
2018,LH211,2316,5,dry,A,LE,5.788663371,2,LH211_2316
2018,A632,2318,1,dry,A,LE,3.772907328,1,A632_2318
2018,A632,2318,2,dry,A,LE,4.636589975,2,A632_2318
2018,A632,2318,3,dry,A,LE,6.725342357,2,A632_2318
2018,A632,2318,4,dry,A,LE,4.228737846,1,A632_2318
2018,Tzi9,2319,1,dry,A,LE,9.32602839,1,Tzi9_2319
2018,Tzi9,2319,2,dry,A,LE,14.95676023,1,Tzi9_2319
2018,Tzi9,2319,3,dry,A,LE,13.78755796,1,Tzi9_2319
2018,Tzi9,2319,4,dry,A,LE,13.4566044,1,Tzi9_2319
2018,Tzi9,2319,5,dry,A,LE,14.85946557,1,Tzi9_2319
2018,NC262,2320,1,dry,A,LE,7.129430648,2,NC262_2320
2018,NC262,2320,2,dry,A,LE,8.070836344,2,NC262_2320
2018,NC262,2320,3,dry,A,LE,8.334973285,1,NC262_2320
2018,NC262,2320,4,dry,A,LE,2.818684005,1,NC262_2320
2018,NC262,2320,5,dry,A,LE,8.450489145,2,NC262_2320
2018,PHB47,2321,1,dry,A,LE,8.59974049,2,PHB47_2321
2018,PHB47,2321,2,dry,A,LE,8.20523448,2,PHB47_2321
2018,PHB47,2321,3,dry,A,LE,7.149156172,1,PHB47_2321
2018,PHB47,2321,4,dry,A,LE,7.138863577,1,PHB47_2321
2018,PHB47,2321,5,dry,A,LE,8.522681426,2,PHB47_2321
2018,Ki11,2322,1,dry,A,LE,16.30395083,3,Ki11_2322
2018,Ki11,2322,2,dry,A,LE,9.750440051,1,Ki11_2322
2018,Ki11,2322,3,dry,A,LE,5.775140856,2,Ki11_2322
2018,Ki11,2322,4,dry,A,LE,13.1669829,2,Ki11_2322
2018,Ki11,2322,5,dry,A,LE,24.02647828,2,Ki11_2322
2018,L163,2323,1,dry,A,LE,4.144752117,2,L163_2323
2018,L163,2323,2,dry,A,LE,4.265931335,2,L163_2323
2018,L163,2323,3,dry,A,LE,11.73727355,2,L163_2323
2018,L163,2323,4,dry,A,LE,9.595022475,2,L163_2323
2018,L163,2323,5,dry,A,LE,9.300464544,2,L163_2323
2018,Ms71,2326,1,dry,A,LE,7.7060435,2,Ms71_2326
2018,Ms71,2326,2,dry,A,LE,6.323167988,2,Ms71_2326
2018,Ms71,2326,3,dry,A,LE,5.638916128,2,Ms71_2326
2018,Ms71,2326,4,dry,A,LE,5.150081251,2,Ms71_2326
2018,Ms71,2326,5,dry,A,LE,2.404060679,1,Ms71_2326
2018,LH123Ht,2328,1,dry,A,LE,12.24185523,2,LH123Ht_2328
2018,LH123Ht,2328,2,dry,A,LE,5.13988357,2,LH123Ht_2328
2018,LH123Ht,2328,3,dry,A,LE,4.744123436,2,LH123Ht_2328
2018,LH123Ht,2328,4,dry,A,LE,4.841847984,2,LH123Ht_2328
2018,LH123Ht,2328,5,dry,A,LE,15.99725555,2,LH123Ht_2328
2018,Mo18W,2330,1,dry,A,LE,27.59935105,2,Mo18W_2330
2018,Mo18W,2330,2,dry,A,LE,16.39565475,2,Mo18W_2330
2018,Mo18W,2330,3,dry,A,LE,23.6688631,2,Mo18W_2330
2018,Mo18W,2330,4,dry,A,LE,21.94297822,2,Mo18W_2330
2018,Mo18W,2330,5,dry,A,LE,11.35131326,2,Mo18W_2330
2018,CML69,2331,1,dry,A,LE,6.692177742,2,CML69_2331
2018,CML69,2331,2,dry,A,LE,16.76249452,2,CML69_2331
2018,CML69,2331,3,dry,A,LE,8.928600698,2,CML69_2331
2018,CML69,2331,4,dry,A,LE,11.06028126,2,CML69_2331
2018,CML69,2331,5,dry,A,LE,11.78685241,2,CML69_2331
2018,CML10,2332,1,dry,A,LE,19.49131849,2,CML10_2332
2018,CML10,2332,2,dry,A,LE,17.02606563,2,CML10_2332
2018,CML10,2332,3,dry,A,LE,10.87776795,2,CML10_2332
2018,CML10,2332,4,dry,A,LE,22.6457799,2,CML10_2332
2018,CML10,2332,5,dry,A,LE,16.89403077,1,CML10_2332
2018,PHT60,2333,1,dry,A,LE,4.881148919,2,PHT60_2333
2018,PHT60,2333,2,dry,A,LE,11.36237574,2,PHT60_2333
2018,PHT60,2333,3,dry,A,LE,9.736964888,2,PHT60_2333
2018,PHT60,2333,4,dry,A,LE,7.697824866,1,PHT60_2333
2018,PHT60,2333,5,dry,A,LE,8.899900998,2,PHT60_2333
2018,M162W,2335,1,dry,A,LE,16.95992862,2,M162W_2335
2018,M162W,2335,2,dry,A,LE,14.94681378,3,M162W_2335
2018,M162W,2335,3,dry,A,LE,13.00333269,2,M162W_2335
2018,M162W,2335,4,dry,A,LE,13.99770876,2,M162W_2335
2018,M162W,2335,5,dry,A,LE,7.897331951,2,M162W_2335
2018,P39,2336,1,dry,A,LE,0.789866864,2,P39_2336
2018,P39,2336,2,dry,A,LE,0.87992038,2,P39_2336
2018,P39,2336,3,dry,A,LE,0.411776144,1,P39_2336
2018,CML52,2337,1,dry,A,LE,20.83952656,2,CML52_2337
2018,CML52,2337,2,dry,A,LE,10.30394636,2,CML52_2337
2018,CML52,2337,3,dry,A,LE,17.45149782,2,CML52_2337
2018,CML52,2337,4,dry,A,LE,12.94744315,2,CML52_2337
2018,CML52,2337,5,dry,A,LE,25.98332041,2,CML52_2337
2018,GT112,2338,1,dry,A,LE,12.93840364,2,GT112_2338
2018,GT112,2338,2,dry,A,LE,8.884281235,2,GT112_2338
2018,GT112,2338,3,dry,A,LE,13.32673407,2,GT112_2338
2018,GT112,2338,4,dry,A,LE,9.383951903,2,GT112_2338
2018,GT112,2338,5,dry,A,LE,14.8746714,2,GT112_2338
2018,Tx303,2339,1,dry,A,LE,13.21219645,2,Tx303_2339
2018,Tx303,2339,2,dry,A,LE,2.090621215,2,Tx303_2339
2018,Tx303,2339,3,dry,A,LE,12.45406648,2,Tx303_2339
2018,Tx303,2339,4,dry,A,LE,9.808531773,2,Tx303_2339
2018,Tx303,2339,5,dry,A,LE,16.40912039,2,Tx303_2339
2018,2369,2340,1,dry,A,LE,2.994057791,1,2369_2340
2018,2369,2340,2,dry,A,LE,1.957997314,2,2369_2340
2018,2369,2340,3,dry,A,LE,7.713173598,2,2369_2340
2018,2369,2340,4,dry,A,LE,7.129255309,2,2369_2340
2018,2369,2340,5,dry,A,LE,10.45970463,3,2369_2340
2018,CML341,2342,1,dry,A,LE,13.56168159,2,CML341_2342
2018,CML341,2342,2,dry,A,LE,20.40435145,2,CML341_2342
2018,CML341,2342,3,dry,A,LE,13.84255237,2,CML341_2342
2018,CML341,2342,4,dry,A,LE,12.18285631,2,CML341_2342
2018,CML341,2342,5,dry,A,LE,13.83821624,2,CML341_2342
2018,CML103,2343,1,dry,A,LE,12.81741353,2,CML103_2343
2018,CML103,2343,2,dry,A,LE,7.802413786,2,CML103_2343
2018,CML103,2343,3,dry,A,LE,12.74531606,2,CML103_2343
2018,CML103,2343,4,dry,A,LE,18.94323096,2,CML103_2343
2018,R78,2344,1,dry,A,LE,6.243551456,2,R78_2344
2018,R78,2344,2,dry,A,LE,4.734509008,2,R78_2344
2018,R78,2344,3,dry,A,LE,4.46916644,2,R78_2344
2018,R78,2344,4,dry,A,LE,5.274918147,2,R78_2344
2018,R78,2344,5,dry,A,LE,7.107356,2,R78_2344
2018,Shoe Peg,2345,1,dry,A,LE,13.73152259,2,Shoe Peg_2345
2018,Shoe Peg,2345,2,dry,A,LE,7.606792548,2,Shoe Peg_2345
2018,Shoe Peg,2345,3,dry,A,LE,2.899383428,1,Shoe Peg_2345
2018,Shoe Peg,2345,4,dry,A,LE,5.759141037,2,Shoe Peg_2345
2018,Shoe Peg,2345,5,dry,A,LE,5.804460955,2,Shoe Peg_2345
2018,Oh7B,2346,1,dry,A,LE,12.25822761,2,Oh7B_2346
2018,Oh7B,2346,2,dry,A,LE,4.395394094,2,Oh7B_2346
2018,Oh7B,2346,3,dry,A,LE,8.067299174,2,Oh7B_2346
2018,Oh7B,2346,4,dry,A,LE,5.059655823,2,Oh7B_2346
2018,Oh7B,2346,5,dry,A,LE,6.908677133,2,Oh7B_2346
2018,Hp301,2347,1,dry,A,LE,4.19455066,2,Hp301_2347
2018,Hp301,2347,2,dry,A,LE,3.176969946,2,Hp301_2347
2018,Hp301,2347,3,dry,A,LE,4.250786534,2,Hp301_2347
2018,Hp301,2347,4,dry,A,LE,5.413183283,2,Hp301_2347
2018,Hp301,2347,5,dry,A,LE,4.571848027,2,Hp301_2347
2018,M37W,2349,1,dry,A,LE,6.658999836,2,M37W_2349
2018,M37W,2349,2,dry,A,LE,6.5556937,2,M37W_2349
2018,M37W,2349,3,dry,A,LE,10.38806208,2,M37W_2349
2018,M37W,2349,4,dry,A,LE,11.09387632,2,M37W_2349
2018,CML247,2351,1,dry,A,LE,13.20777871,2,CML247_2351
2018,CML247,2351,2,dry,A,LE,5.660245736,2,CML247_2351
2018,CML247,2351,3,dry,A,LE,7.48732818,2,CML247_2351
2018,CML247,2351,4,dry,A,LE,13.26164458,2,CML247_2351
2018,CML247,2351,5,dry,A,LE,5.827302165,2,CML247_2351
2018,B97,2352,1,dry,A,LE,5.531415286,2,B97_2352
2018,B97,2352,2,dry,A,LE,7.662386344,2,B97_2352
2018,B97,2352,3,dry,A,LE,2.971133289,2,B97_2352
2018,B97,2352,4,dry,A,LE,6.503429806,2,B97_2352
2018,B97,2352,5,dry,A,LE,6.31496981,2,B97_2352
2018,SA24,2354,1,dry,A,LE,13.29799749,2,SA24_2354
2018,SA24,2354,2,dry,A,LE,5.156611634,1,SA24_2354
2018,SA24,2354,3,dry,A,LE,9.093462273,2,SA24_2354
2018,SA24,2354,4,dry,A,LE,5.955254861,2,SA24_2354
2018,SA24,2354,5,dry,A,LE,7.306150666,2,SA24_2354
2018,F118,2355,1,dry,A,LE,9.961776961,2,F118_2355
2018,F118,2355,2,dry,A,LE,4.307520769,2,F118_2355
2018,F118,2355,3,dry,A,LE,6.068131821,2,F118_2355
2018,F118,2355,4,dry,A,LE,7.437427706,2,F118_2355
2018,F118,2355,5,dry,A,LE,10.6410756,2,F118_2355
2018,R84,2356,1,dry,A,LE,5.540059729,2,R84_2356
2018,R84,2356,2,dry,A,LE,3.902589624,2,R84_2356
2018,R84,2356,3,dry,A,LE,4.627991364,2,R84_2356
2018,R84,2356,4,dry,A,LE,2.327650378,2,R84_2356
2018,CML373,2358,1,dry,A,LE,18.36282404,2,CML373_2358
2018,CML373,2358,2,dry,A,LE,7.772112735,3,CML373_2358
2018,CML373,2358,3,dry,A,LE,8.444674022,2,CML373_2358
2018,CML373,2358,4,dry,A,LE,7.919346507,2,CML373_2358
2018,CML373,2358,5,dry,A,LE,6.621660508,2,CML373_2358
2018,W64A,2359,1,dry,A,LE,3.667011227,2,W64A_2359
2018,W64A,2359,2,dry,A,LE,1.185076006,2,W64A_2359
2018,W64A,2359,3,dry,A,LE,2.141664322,2,W64A_2359
2018,W64A,2359,4,dry,A,LE,5.416553677,2,W64A_2359
2018,W64A,2359,5,dry,A,LE,2.822233487,2,W64A_2359
2018,Mo17,2360,1,dry,A,LE,6.415058984,2,Mo17_2360
2018,Mo17,2360,2,dry,A,LE,3.751007425,2,Mo17_2360
2018,Mo17,2360,3,dry,A,LE,1.854592534,2,Mo17_2360
2018,Mo17,2360,4,dry,A,LE,2.609348276,2,Mo17_2360
2018,Mo17,2360,5,dry,A,LE,2.446056707,2,Mo17_2360
2018,CML258,2361,1,dry,A,LE,17.88264815,2,CML258_2361
2018,CML258,2361,2,dry,A,LE,13.153785,1,CML258_2361
2018,CML258,2361,3,dry,A,LE,8.352082244,2,CML258_2361
2018,CML258,2361,4,dry,A,LE,9.260258296,2,CML258_2361
2018,CML258,2361,5,dry,A,LE,10.71551366,2,CML258_2361
2018,Hickory King,2362,1,dry,A,LE,6.740319221,2,Hickory King_2362
2018,Hickory King,2362,2,dry,A,LE,13.36957399,2,Hickory King_2362
2018,Hickory King,2362,3,dry,A,LE,9.312575859,2,Hickory King_2362
2018,Hickory King,2362,4,dry,A,LE,13.36862109,3,Hickory King_2362
2018,Hickory King,2362,5,dry,A,LE,21.32701426,2,Hickory King_2362
2018,Ki3,2365,1,dry,A,LE,12.04188846,2,Ki3_2365
2018,Ki3,2365,2,dry,A,LE,8.159012017,2,Ki3_2365
2018,Ki3,2365,3,dry,A,LE,4.852495977,2,Ki3_2365
2018,Ki3,2365,4,dry,A,LE,11.3824779,2,Ki3_2365
2018,Ki3,2365,5,dry,A,LE,7.288639412,2,Ki3_2365
2018,6M502,2366,1,dry,A,LE,5.808424992,2,6M502_2366
2018,6M502,2366,2,dry,A,LE,4.976260206,2,6M502_2366
2018,6M502,2366,3,dry,A,LE,4.54726314,2,6M502_2366
2018,6M502,2366,4,dry,A,LE,4.602827375,2,6M502_2366
2018,6M502,2366,5,dry,A,LE,5.017854909,2,6M502_2366
2018,B73,2368,1,dry,A,LE,9.320596242,2,B73_2368
2018,B73,2368,2,dry,A,LE,8.8890291,2,B73_2368
2018,B73,2368,3,dry,A,LE,8.471309521,2,B73_2368
2018,B73,2368,4,dry,A,LE,5.359161084,2,B73_2368
2018,B73,2368,5,dry,A,LE,9.179394037,2,B73_2368
2018,B104,2369,1,dry,A,LE,9.074613944,2,B104_2369
2018,B104,2369,2,dry,A,LE,6.904553896,2,B104_2369
2018,Tzi8,2370,1,dry,A,LE,1.970213023,1,Tzi8_2370
2018,Tzi8,2370,2,dry,A,LE,2.488733462,2,Tzi8_2370
2018,Tzi8,2370,3,dry,A,LE,2.407692099,1,Tzi8_2370
2018,Tzi8,2370,4,dry,A,LE,3.393494843,2,Tzi8_2370
2018,Ky21,2371,1,dry,A,LE,4.090965367,1,Ky21_2371
2018,Ky21,2371,2,dry,A,LE,3.370843968,2,Ky21_2371
2018,Ky21,2371,3,dry,A,LE,2.703033736,2,Ky21_2371
2018,Ky21,2371,4,dry,A,LE,4.148821352,2,Ky21_2371
2018,Ky21,2371,5,dry,A,LE,3.126331092,1,Ky21_2371
2018,CML228,2372,1,dry,A,LE,4.825105773,2,CML228_2372
2018,CML228,2372,2,dry,A,LE,1.91316626,2,CML228_2372
2018,CML228,2372,3,dry,A,LE,17.89837504,2,CML228_2372
2018,LH252,2374,1,dry,A,ES,6.527445972,2,LH252_2374
2018,LH252,2374,2,dry,A,ES,3.845063399,2,LH252_2374
2018,NC350,2375,1,dry,A,ES,5.234795304,2,NC350_2375
2018,NC350,2375,2,dry,A,ES,6.234903885,2,NC350_2375
2018,NC350,2375,3,dry,A,ES,3.493777375,2,NC350_2375
2018,NC350,2375,4,dry,A,ES,3.115997891,2,NC350_2375
2018,NC350,2375,5,dry,A,ES,3.686805275,2,NC350_2375
2018,PHK46,2376,1,dry,A,ES,1.621756338,1,PHK46_2376
2018,PHK46,2376,2,dry,A,ES,1.916995292,1,PHK46_2376
2018,PHK46,2376,3,dry,A,ES,2.33594603,1,PHK46_2376
2018,PHK46,2376,4,dry,A,ES,4.909381198,2,PHK46_2376
2018,PHK46,2376,5,dry,A,ES,4.763126176,2,PHK46_2376
2018,PHR58,2377,1,dry,A,ES,4.223623653,1,PHR58_2377
2018,PHR58,2377,2,dry,A,ES,4.085028644,1,PHR58_2377
2018,PHR58,2377,3,dry,A,ES,4.460101099,1,PHR58_2377
2018,PHR58,2377,4,dry,A,ES,6.341062269,1,PHR58_2377
2018,PHR58,2377,5,dry,A,ES,5.032100854,2,PHR58_2377
2018,Oh7B,2380,1,dry,A,ES,5.861229121,1,Oh7B_2380
2018,Oh7B,2380,2,dry,A,ES,7.209049059,1,Oh7B_2380
2018,Oh7B,2380,3,dry,A,ES,3.012262599,2,Oh7B_2380
2018,Oh7B,2380,4,dry,A,ES,4.193465515,1,Oh7B_2380
2018,Oh7B,2380,5,dry,A,ES,6.914829163,1,Oh7B_2380
2018,R84,2382,1,dry,A,ES,1.035456034,1,R84_2382
2018,R84,2382,2,dry,A,ES,2.230643065,1,R84_2382
2018,R84,2382,3,dry,A,ES,2.753490321,1,R84_2382
2018,Ky21,2383,1,dry,A,ES,3.375851617,1,Ky21_2383
2018,Ky21,2383,2,dry,A,ES,3.826686563,1,Ky21_2383
2018,Ky21,2383,3,dry,A,ES,1.272893285,1,Ky21_2383
2018,A632,2384,1,dry,A,ES,4.034059078,1,A632_2384
2018,A632,2384,2,dry,A,ES,2.757594326,1,A632_2384
2018,A632,2384,3,dry,A,ES,2.902157479,1,A632_2384
2018,Hp301,2385,1,dry,A,ES,4.50177614,2,Hp301_2385
2018,Hp301,2385,2,dry,A,ES,5.537375969,2,Hp301_2385
2018,Hp301,2385,3,dry,A,ES,2.785247031,1,Hp301_2385
2018,L163,2386,1,dry,A,ES,4.167205607,1,L163_2386
2018,L163,2386,2,dry,A,ES,4.410031595,2,L163_2386
2018,L163,2386,3,dry,A,ES,7.484112887,2,L163_2386
2018,M37W,2388,1,dry,A,ES,6.628546524,2,M37W_2388
2018,M37W,2388,2,dry,A,ES,8.711847141,2,M37W_2388
2018,M37W,2388,3,dry,A,ES,6.499462432,2,M37W_2388
2018,Oh43,2390,1,dry,A,ES,3.273730136,2,Oh43_2390
2018,Oh43,2390,2,dry,A,ES,3.966514941,1,Oh43_2390
2018,Oh43,2390,3,dry,A,ES,2.700995103,1,Oh43_2390
2018,Tx303,2394,1,dry,A,ES,6.535285021,1,Tx303_2394
2018,Tx303,2394,2,dry,A,ES,1.883566838,1,Tx303_2394
2018,Tx303,2394,3,dry,A,ES,4.311220486,1,Tx303_2394
2018,Mo17,2397,1,dry,A,ES,8.25306454,2,Mo17_2397
2018,Mo17,2397,2,dry,A,ES,5.151882014,2,Mo17_2397
2018,Mo17,2397,3,dry,A,ES,3.550293175,1,Mo17_2397
2018,LH211,2398,1,dry,A,ES,6.893514977,2,LH211_2398
2018,LH211,2398,2,dry,A,ES,4.988036885,2,LH211_2398
2018,LH211,2398,3,dry,A,ES,4.326283988,2,LH211_2398
2018,LH252,2402,1,dry,A,ES,8.859146082,2,LH252_2402
2018,LH252,2402,2,dry,A,ES,2.662841477,1,LH252_2402
2018,LH252,2402,3,dry,A,ES,2.715245242,2,LH252_2402
2018,Ki3,2403,1,dry,A,ES,10.50621038,2,Ki3_2403
2018,Ki3,2403,2,dry,A,ES,5.094737357,1,Ki3_2403
2018,Ki3,2403,3,dry,A,ES,8.814729451,2,Ki3_2403
2018,M162W,2404,1,dry,A,ES,10.60661843,2,M162W_2404
2018,M162W,2404,2,dry,A,ES,4.6223556,2,M162W_2404
2018,M162W,2404,3,dry,A,ES,4.841728543,2,M162W_2404
2018,B104,2405,1,dry,A,ES,5.494980687,1,B104_2405
2018,B104,2405,2,dry,A,ES,9.949097492,2,B104_2405
2018,B104,2405,3,dry,A,ES,5.997009489,2,B104_2405
2018,NC350,2406,1,dry,A,ES,3.087002527,2,NC350_2406
2018,NC350,2406,2,dry,A,ES,5.497150627,2,NC350_2406
2018,NC350,2406,3,dry,A,ES,4.89818834,2,NC350_2406
2018,Mo18W,2408,1,dry,A,ES,11.33538679,2,Mo18W_2408
2018,Mo18W,2408,2,dry,A,ES,13.09099968,2,Mo18W_2408
2018,Mo18W,2408,3,dry,A,ES,13.99514691,2,Mo18W_2408
2018,PHT60,2409,1,dry,A,ES,3.034148504,1,PHT60_2409
2018,PHT60,2409,2,dry,A,ES,3.597241191,1,PHT60_2409
2018,PHT60,2409,3,dry,A,ES,6.151458504,1,PHT60_2409
2018,B97,2411,1,dry,A,ES,6.096503771,1,B97_2411
2018,B97,2411,2,dry,A,ES,2.636179501,1,B97_2411
2018,B97,2411,3,dry,A,ES,6.695024774,1,B97_2411
2018,R78,2412,1,dry,A,ES,2.804683357,1,R78_2412
2018,R78,2412,2,dry,A,ES,3.653668123,1,R78_2412
2018,R78,2412,3,dry,A,ES,1.841227489,1,R78_2412
2018,CML69,2413,1,dry,A,ES,11.23477662,2,CML69_2413
2018,CML69,2413,2,dry,A,ES,11.74455757,2,CML69_2413
2018,CML69,2413,3,dry,A,ES,12.26653495,2,CML69_2413
2018,PHHB4,2414,1,dry,A,ES,8.608541416,2,PHHB4_2414
2018,PHHB4,2414,2,dry,A,ES,3.50158093,2,PHHB4_2414
2018,PHHB4,2414,3,dry,A,ES,4.354685045,1,PHHB4_2414
2018,NC262,2415,1,dry,A,ES,3.279351448,1,NC262_2415
2018,SA24,2416,1,dry,A,ES,4.959199988,1,SA24_2416
2018,SA24,2416,2,dry,A,ES,6.252766202,1,SA24_2416
2018,SA24,2416,3,dry,A,ES,7.23962467,1,SA24_2416
2018,Hickory King,2417,1,dry,A,ES,7.915258835,2,Hickory King_2417
2018,Hickory King,2417,2,dry,A,ES,9.560418856,2,Hickory King_2417
2018,Hickory King,2417,3,dry,A,ES,12.05012564,2,Hickory King_2417
2018,GT112,2422,1,dry,A,LE,15.03421993,2,GT112_2422
2018,GT112,2422,2,dry,A,LE,10.23218575,1,GT112_2422
2018,GT112,2422,3,dry,A,LE,7.36198497,1,GT112_2422
2018,GT112,2422,4,dry,A,LE,10.16368604,2,GT112_2422
2018,GT112,2422,5,dry,A,LE,8.08065992,2,GT112_2422
2018,CML373,2423,1,dry,A,LE,8.42898258,2,CML373_2423
2018,CML373,2423,2,dry,A,LE,10.85553237,2,CML373_2423
2018,CML373,2423,3,dry,A,LE,32.72450848,2,CML373_2423
2018,CML373,2423,4,dry,A,LE,18.10150693,2,CML373_2423
2018,CML373,2423,5,dry,A,LE,5.428581744,2,CML373_2423
2018,6M502,2428,1,dry,A,LE,3.888124448,2,6M502_2428
2018,6M502,2428,2,dry,A,LE,3.894396514,2,6M502_2428
2018,6M502,2428,3,dry,A,LE,2.531802446,2,6M502_2428
2018,6M502,2428,4,dry,A,LE,3.681829397,2,6M502_2428
2018,6M502,2428,5,dry,A,LE,4.586246644,2,6M502_2428
2018,Ki11,2429,1,dry,A,LE,19.86074308,2,Ki11_2429
2018,Ki11,2429,2,dry,A,LE,10.05205402,2,Ki11_2429
2018,Ki11,2429,3,dry,A,LE,15.94195758,2,Ki11_2429
2018,Ki11,2429,4,dry,A,LE,15.0365926,2,Ki11_2429
2018,Ki11,2429,5,dry,A,LE,15.45883685,2,Ki11_2429
2018,CML322,2431,1,dry,A,LE,13.65124431,2,CML322_2431
2018,CML322,2431,2,dry,A,LE,6.633490359,2,CML322_2431
2018,CML322,2431,3,dry,A,LE,8.970981605,2,CML322_2431
2018,CML322,2431,4,dry,A,LE,14.61361207,2,CML322_2431
2018,CML322,2431,5,dry,A,LE,9.394649825,2,CML322_2431
2018,CML341,2432,1,dry,A,LE,24.82451522,3,CML341_2432
2018,CML341,2432,2,dry,A,LE,25.97856669,2,CML341_2432
2018,CML341,2432,3,dry,A,LE,22.43379707,2,CML341_2432
2018,CML341,2432,4,dry,A,LE,7.027478119,2,CML341_2432
2018,CML341,2432,5,dry,A,LE,17.61770323,2,CML341_2432
2018,PHB47,2434,1,dry,A,LE,6.542583442,2,PHB47_2434
2018,PHB47,2434,2,dry,A,LE,4.698241945,1,PHB47_2434
2018,PHB47,2434,3,dry,A,LE,5.697658028,2,PHB47_2434
2018,PHB47,2434,4,dry,A,LE,6.158172457,2,PHB47_2434
2018,PHB47,2434,5,dry,A,LE,7.794817954,2,PHB47_2434
2018,CML333,2436,1,dry,A,LE,5.342772278,2,CML333_2436
2018,CML333,2436,2,dry,A,LE,6.888745616,3,CML333_2436
2018,CML333,2436,3,dry,A,LE,4.827236113,2,CML333_2436
2018,CML333,2436,4,dry,A,LE,7.793828255,1,CML333_2436
2018,CML333,2436,5,dry,A,LE,6.990155446,2,CML333_2436
2018,Shoe Peg,2437,1,dry,A,LE,10.45992518,2,Shoe Peg_2437
2018,Shoe Peg,2437,2,dry,A,LE,7.934850088,3,Shoe Peg_2437
2018,Shoe Peg,2437,3,dry,A,LE,7.096430083,2,Shoe Peg_2437
2018,Shoe Peg,2437,4,dry,A,LE,12.64373465,2,Shoe Peg_2437
2018,Shoe Peg,2437,5,dry,A,LE,6.217378361,2,Shoe Peg_2437
2018,CML103,2439,1,dry,A,LE,13.08596302,2,CML103_2439
2018,CML103,2439,2,dry,A,LE,8.756037157,1,CML103_2439
2018,CML103,2439,3,dry,A,LE,8.491352344,1,CML103_2439
2018,CML103,2439,4,dry,A,LE,7.156277078,1,CML103_2439
2018,CML103,2439,5,dry,A,LE,10.98357888,2,CML103_2439
2018,CML258,2440,1,dry,A,LE,30.10367945,3,CML258_2440
2018,CML258,2440,2,dry,A,LE,12.62065095,2,CML258_2440
2018,CML258,2440,3,dry,A,LE,16.06141748,2,CML258_2440
2018,CML258,2440,4,dry,A,LE,16.66883894,2,CML258_2440
2018,CML258,2440,5,dry,A,LE,12.1335742,2,CML258_2440
2018,CML10,2441,1,dry,A,LE,13.23057842,2,CML10_2441
2018,CML10,2441,2,dry,A,LE,8.136637957,2,CML10_2441
2018,CML10,2441,3,dry,A,LE,11.13961293,2,CML10_2441
2018,CML10,2441,4,dry,A,LE,7.145745853,2,CML10_2441
2018,CML10,2441,5,dry,A,LE,9.309316798,2,CML10_2441
2018,Ms71,2442,1,dry,A,LE,4.602204223,2,Ms71_2442
2018,Ms71,2442,2,dry,A,LE,3.162885045,3,Ms71_2442
2018,Ms71,2442,3,dry,A,LE,3.62665304,2,Ms71_2442
2018,Ms71,2442,4,dry,A,LE,4.840008695,2,Ms71_2442
2018,Ms71,2442,5,dry,A,LE,5.746086082,2,Ms71_2442
2018,PHK46,2443,1,dry,A,LE,6.271058881,2,PHK46_2443
2018,PHK46,2443,2,dry,A,LE,5.521810732,2,PHK46_2443
2018,PHK46,2443,3,dry,A,LE,6.448496212,2,PHK46_2443
2018,PHK46,2443,4,dry,A,LE,5.985384941,2,PHK46_2443
2018,PHK46,2443,5,dry,A,LE,5.535388585,2,PHK46_2443
2018,CML247,2444,1,dry,A,LE,11.04941818,2,CML247_2444
2018,CML247,2444,2,dry,A,LE,12.24712703,2,CML247_2444
2018,CML247,2444,3,dry,A,LE,6.897235167,2,CML247_2444
2018,CML247,2444,4,dry,A,LE,10.58071957,2,CML247_2444
2018,CML247,2444,5,dry,A,LE,11.42155702,2,CML247_2444
2018,CML52,2445,1,dry,A,LE,6.417110585,2,CML52_2445
2018,CML52,2445,2,dry,A,LE,4.354905613,2,CML52_2445
2018,CML52,2445,3,dry,A,LE,11.51164927,2,CML52_2445
2018,CML52,2445,4,dry,A,LE,6.736285008,1,CML52_2445
2018,CML52,2445,5,dry,A,LE,14.32266701,2,CML52_2445
2018,Tzi8,2446,1,dry,A,LE,19.35713108,3,Tzi8_2446
2018,Tzi8,2446,2,dry,A,LE,11.78604475,2,Tzi8_2446
2018,Tzi8,2446,3,dry,A,LE,9.305938461,1,Tzi8_2446
2018,Tzi8,2446,4,dry,A,LE,7.187870105,2,Tzi8_2446
2018,Tzi8,2446,5,dry,A,LE,15.11575982,2,Tzi8_2446
2018,B73,2447,1,dry,A,LE,10.11415314,2,B73_2447
2018,B73,2447,2,dry,A,LE,8.700414333,2,B73_2447
2018,B73,2447,3,dry,A,LE,8.888784082,2,B73_2447
2018,B73,2447,4,dry,A,LE,10.84781992,2,B73_2447
2018,B73,2447,5,dry,A,LE,12.14943706,2,B73_2447
2018,Tzi8,2448,1,dry,A,LE,4.821669485,2,Tzi8_2448
2018,Tzi8,2448,2,dry,A,LE,5.443873494,2,Tzi8_2448
2018,Tzi8,2448,3,dry,A,LE,3.279283998,2,Tzi8_2448
2018,Tzi8,2448,4,dry,A,LE,4.228578585,2,Tzi8_2448
2018,Tzi8,2448,5,dry,A,LE,4.882015217,2,Tzi8_2448
2018,PHR58,2449,1,dry,A,LE,9.429679254,2,PHR58_2449
2018,PHR58,2449,2,dry,A,LE,6.595429575,2,PHR58_2449
2018,PHR58,2449,3,dry,A,LE,6.484066453,1,PHR58_2449
2018,PHR58,2449,4,dry,A,LE,8.803263272,2,PHR58_2449
2018,PHR58,2449,5,dry,A,LE,8.709285968,2,PHR58_2449
2019,CML258,1259,1,harvest,A,LE,27.34430303,3,CML258_1259
2019,CML258,1259,2,harvest,A,LE,26.73806882,3,CML258_1259
2019,CML258,1259,3,harvest,A,LE,30.71336452,3,CML258_1259
2019,CML258,1259,4,harvest,A,LE,12.69193673,2,CML258_1259
2019,CML258,1259,5,harvest,A,LE,22.50115034,3,CML258_1259
2019,CML258,1259,6,harvest,A,LE,31.50480653,3,CML258_1259
2019,CML258,1259,7,harvest,A,LE,34.01232321,3,CML258_1259
2019,CML258,1259,8,harvest,A,LE,31.92048154,3,CML258_1259
2019,CML258,1259,9,harvest,A,LE,28.63935486,3,CML258_1259
2019,CML258,1259,10,harvest,A,LE,30.56302651,3,CML258_1259
2019,PHR58,1260,1,harvest,A,LE,11.05450448,3,PHR58_1260
2019,PHR58,1260,3,harvest,A,LE,8.937553002,2,PHR58_1260
2019,PHR58,1260,4,harvest,A,LE,6.438808785,2,PHR58_1260
2019,PHR58,1260,5,harvest,A,LE,12.34031171,1,PHR58_1260
2019,PHR58,1260,6,harvest,A,LE,7.291930455,2,PHR58_1260
2019,PHR58,1260,7,harvest,A,LE,7.947685619,2,PHR58_1260
2019,PHR58,1260,8,harvest,A,LE,9.224854613,1,PHR58_1260
2019,PHR58,1260,9,harvest,A,LE,3.818228111,1,PHR58_1260
2019,PHR58,1260,10,harvest,A,LE,7.693085066,2,PHR58_1260
2019,PHR58,1260,11,harvest,A,LE,13.21727925,2,PHR58_1260
2019,PHR58,1260,12,harvest,A,LE,9.570498292,2,PHR58_1260
2019,LH252,1261,1,harvest,A,LE,6.425126799,1,LH252_1261
2019,LH252,1261,2,harvest,A,LE,9.806405173,1,LH252_1261
2019,LH252,1261,3,harvest,A,LE,10.79187341,2,LH252_1261
2019,LH252,1261,4,harvest,A,LE,7.828997083,2,LH252_1261
2019,LH252,1261,5,harvest,A,LE,7.716554827,2,LH252_1261
2019,B104,1262,1,harvest,A,LE,24.8364682,3,B104_1262
2019,B104,1262,2,harvest,A,LE,22.03764575,3,B104_1262
2019,B104,1262,3,harvest,A,LE,21.59704994,2,B104_1262
2019,B104,1262,4,harvest,A,LE,22.26757558,3,B104_1262
2019,B104,1262,5,harvest,A,LE,14.20821231,2,B104_1262
2019,B104,1262,6,harvest,A,LE,13.809352,3,B104_1262
2019,B104,1262,7,harvest,A,LE,9.858467933,3,B104_1262
2019,B104,1262,8,harvest,A,LE,11.83757291,3,B104_1262
2019,B104,1262,9,harvest,A,LE,8.536720478,3,B104_1262
2019,B104,1262,10,harvest,A,LE,9.165327565,2,B104_1262
2019,B104,1262,11,harvest,A,LE,8.864911065,2,B104_1262
2019,B104,1262,12,harvest,A,LE,10.69128579,2,B104_1262
2019,B104,1262,13,harvest,A,LE,6.779199955,2,B104_1262
2019,B104,1262,14,harvest,A,LE,10.91568901,3,B104_1262
2019,B104,1262,15,harvest,A,LE,19.20844239,3,B104_1262
2019,B104,1262,16,harvest,A,LE,21.65245477,3,B104_1262
2019,M162W,1263,1,harvest,A,LE,19.2723635,2,M162W_1263
2019,M162W,1263,2,harvest,A,LE,15.2361969,1,M162W_1263
2019,M162W,1263,3,harvest,A,LE,11.01180803,2,M162W_1263
2019,M162W,1263,4,harvest,A,LE,8.719789877,2,M162W_1263
2019,M162W,1263,5,harvest,A,LE,10.52089883,2,M162W_1263
2019,M162W,1263,6,harvest,A,LE,12.60830973,2,M162W_1263
2019,M162W,1263,7,harvest,A,LE,13.41899958,2,M162W_1263
2019,M162W,1263,8,harvest,A,LE,10.78118755,1,M162W_1263
2019,M162W,1263,9,harvest,A,LE,5.415026976,2,M162W_1263
2019,M162W,1263,10,harvest,A,LE,15.41197215,2,M162W_1263
2019,M162W,1263,11,harvest,A,LE,16.38392669,2,M162W_1263
2019,M162W,1263,13,harvest,A,LE,18.49606756,2,M162W_1263
2019,CML277,1264,1,harvest,A,LE,14.97628165,3,CML277_1264
2019,CML277,1264,2,harvest,A,LE,16.43890877,2,CML277_1264
2019,CML277,1264,3,harvest,A,LE,11.71114059,1,CML277_1264
2019,CML277,1264,4,harvest,A,LE,13.14281322,1,CML277_1264
2019,CML277,1264,5,harvest,A,LE,11.39174172,1,CML277_1264
2019,CML277,1264,6,harvest,A,LE,14.79767805,2,CML277_1264
2019,CML277,1264,7,harvest,A,LE,14.09646024,1,CML277_1264
2019,CML277,1264,8,harvest,A,LE,15.55352606,1,CML277_1264
2019,CML277,1264,9,harvest,A,LE,6.839786493,2,CML277_1264
2019,CML277,1264,10,harvest,A,LE,16.56890572,3,CML277_1264
2019,Tx303,1265,1,harvest,A,LE,10.45732978,2,Tx303_1265
2019,Tx303,1265,2,harvest,A,LE,10.6275252,2,Tx303_1265
2019,Tx303,1265,3,harvest,A,LE,3.340094022,1,Tx303_1265
2019,Tx303,1265,4,harvest,A,LE,9.176916776,2,Tx303_1265
2019,Tx303,1265,5,harvest,A,LE,4.53632312,2,Tx303_1265
2019,Tx303,1265,6,harvest,A,LE,6.594313322,2,Tx303_1265
2019,Tx303,1265,7,harvest,A,LE,4.878606524,2,Tx303_1265
2019,Tx303,1265,8,harvest,A,LE,7.888897477,1,Tx303_1265
2019,Tx303,1265,9,harvest,A,LE,1.757671588,1,Tx303_1265
2019,Tx303,1265,10,harvest,A,LE,10.22516973,1,Tx303_1265
2019,Tx303,1265,11,harvest,A,LE,6.018732724,2,Tx303_1265
2019,CML228,1266,1,harvest,A,LE,18.52587779,2,CML228_1266
2019,CML228,1266,2,harvest,A,LE,20.53724194,2,CML228_1266
2019,CML228,1266,3,harvest,A,LE,7.765568389,2,CML228_1266
2019,CML228,1266,4,harvest,A,LE,17.17444307,2,CML228_1266
2019,CML228,1266,5,harvest,A,LE,15.18892255,1,CML228_1266
2019,CML228,1266,6,harvest,A,LE,14.41906627,1,CML228_1266
2019,CML228,1266,7,harvest,A,LE,16.72494012,2,CML228_1266
2019,CML228,1266,8,harvest,A,LE,11.28097723,2,CML228_1266
2019,CML228,1266,11,harvest,A,LE,7.469044343,2,CML228_1266
2019,CML228,1266,12,harvest,A,LE,20.68762836,2,CML228_1266
2019,CML228,1266,13,harvest,A,LE,19.73151544,3,CML228_1266
2019,CML228,1266,14,harvest,A,LE,18.8462936,2,CML228_1266
2019,CML228,1266,15,harvest,A,LE,22.65912792,2,CML228_1266
2019,Oh43,1267,1,harvest,A,LE,8.933934804,1,Oh43_1267
2019,Oh43,1267,2,harvest,A,LE,7.449468015,1,Oh43_1267
2019,Oh43,1267,3,harvest,A,LE,9.436332032,1,Oh43_1267
2019,Oh43,1267,4,harvest,A,LE,13.7643258,2,Oh43_1267
2019,Oh43,1267,5,harvest,A,LE,13.53192309,1,Oh43_1267
2019,Oh43,1267,6,harvest,A,LE,10.46054734,2,Oh43_1267
2019,Oh43,1267,7,harvest,A,LE,9.727213655,1,Oh43_1267
2019,Mo17,1268,1,harvest,A,LE,5.259490318,2,Mo17_1268
2019,Mo17,1268,2,harvest,A,LE,5.150308172,2,Mo17_1268
2019,Mo17,1268,3,harvest,A,LE,6.050157726,2,Mo17_1268
2019,CML322,1269,1,harvest,A,LE,8.744025806,3,CML322_1269
2019,Tzi8,1270,1,harvest,A,LE,17.90530412,3,Tzi8_1270
2019,Tzi8,1270,3,harvest,A,LE,20.08876188,3,Tzi8_1270
2019,Tzi8,1270,4,harvest,A,LE,11.06908239,2,Tzi8_1270
2019,Tzi8,1270,5,harvest,A,LE,9.314096731,2,Tzi8_1270
2019,Tzi8,1270,6,harvest,A,LE,11.85906767,3,Tzi8_1270
2019,Tzi8,1270,7,harvest,A,LE,13.00323142,2,Tzi8_1270
2019,Tzi8,1270,8,harvest,A,LE,14.86048679,2,Tzi8_1270
2019,Tzi8,1270,9,harvest,A,LE,17.55952832,2,Tzi8_1270
2019,Tzi8,1270,10,harvest,A,LE,18.64301412,2,Tzi8_1270
2019,Tzi8,1270,11,harvest,A,LE,16.00439871,2,Tzi8_1270
2019,Tzi8,1270,12,harvest,A,LE,15.48340639,3,Tzi8_1270
2019,Tzi8,1270,13,harvest,A,LE,9.8046461,3,Tzi8_1270
2019,Tzi8,1270,14,harvest,A,LE,17.47197048,3,Tzi8_1270
2019,CML103,1271,1,harvest,A,LE,9.486297814,3,CML103_1271
2019,CML103,1271,2,harvest,A,LE,7.930288267,2,CML103_1271
2019,CML103,1271,3,harvest,A,LE,11.0877723,2,CML103_1271
2019,CML103,1271,4,harvest,A,LE,9.174665221,2,CML103_1271
2019,CML103,1271,5,harvest,A,LE,2.610121234,2,CML103_1271
2019,CML103,1271,6,harvest,A,LE,9.716553482,2,CML103_1271
2019,CML103,1271,7,harvest,A,LE,16.46637028,2,CML103_1271
2019,CML103,1271,8,harvest,A,LE,6.741288926,2,CML103_1271
2019,CML103,1271,9,harvest,A,LE,8.846548839,2,CML103_1271
2019,CML103,1271,10,harvest,A,LE,8.29397953,2,CML103_1271
2019,CML103,1271,11,harvest,A,LE,6.994219508,2,CML103_1271
2019,CML103,1271,12,harvest,A,LE,5.774814732,2,CML103_1271
2019,CML103,1271,13,harvest,A,LE,9.561554726,2,CML103_1271
2019,W64A,1273,1,harvest,A,LE,7.658752434,3,W64A_1273
2019,W64A,1273,2,harvest,A,LE,8.146839413,3,W64A_1273
2019,W64A,1273,3,harvest,A,LE,7.11164513,3,W64A_1273
2019,W64A,1273,4,harvest,A,LE,5.74819476,2,W64A_1273
2019,W64A,1273,5,harvest,A,LE,6.555158962,3,W64A_1273
2019,W64A,1273,6,harvest,A,LE,5.551059239,3,W64A_1273
2019,W64A,1273,7,harvest,A,LE,8.053074174,3,W64A_1273
2019,W64A,1273,8,harvest,A,LE,4.997698831,3,W64A_1273
2019,W64A,1273,9,harvest,A,LE,5.45197225,2,W64A_1273
2019,W64A,1273,10,harvest,A,LE,4.394417468,2,W64A_1273
2019,W64A,1273,11,harvest,A,LE,6.070000393,3,W64A_1273
2019,LH123Ht,1276,1,harvest,A,LE,9.5378445,2,LH123Ht_1276
2019,LH123Ht,1276,2,harvest,A,LE,9.06823301,2,LH123Ht_1276
2019,LH123Ht,1276,3,harvest,A,LE,6.040941119,2,LH123Ht_1276
2019,LH123Ht,1276,4,harvest,A,LE,2.753917258,2,LH123Ht_1276
2019,LH123Ht,1276,5,harvest,A,LE,4.392417362,2,LH123Ht_1276
2019,LH123Ht,1276,6,harvest,A,LE,4.778282966,2,LH123Ht_1276
2019,LH123Ht,1276,7,harvest,A,LE,4.615346621,2,LH123Ht_1276
2019,LH123Ht,1276,8,harvest,A,LE,4.058937138,2,LH123Ht_1276
2019,LH123Ht,1276,9,harvest,A,LE,8.852531839,2,LH123Ht_1276
2019,LH123Ht,1276,10,harvest,A,LE,8.964420665,2,LH123Ht_1276
2019,LH123Ht,1276,11,harvest,A,LE,8.409332685,2,LH123Ht_1276
2019,LH123Ht,1276,12,harvest,A,LE,5.402046025,2,LH123Ht_1276
2019,LH123Ht,1276,13,harvest,A,LE,4.473991463,2,LH123Ht_1276
2019,LH123Ht,1276,14,harvest,A,LE,6.770497841,2,LH123Ht_1276
2019,LH123Ht,1276,15,harvest,A,LE,7.111736086,2,LH123Ht_1276
2019,LH123Ht,1276,16,harvest,A,LE,11.16178656,2,LH123Ht_1276
2019,PHK46,1277,1,harvest,A,AS,12.19258151,2,PHK46_1277
2019,PHK46,1277,2,harvest,A,AS,5.935180432,2,PHK46_1277
2019,PHK46,1277,3,harvest,A,AS,12.59152203,3,PHK46_1277
2019,PHK46,1277,4,harvest,A,AS,14.42291952,3,PHK46_1277
2019,PHK46,1277,5,harvest,A,AS,11.37961494,2,PHK46_1277
2019,PHK46,1277,6,harvest,A,AS,9.309919642,3,PHK46_1277
2019,PHK46,1277,7,harvest,A,AS,6.718839805,2,PHK46_1277
2019,PHK46,1277,8,harvest,A,AS,4.154012284,2,PHK46_1277
2019,PHK46,1277,9,harvest,A,AS,10.22105442,2,PHK46_1277
2019,PHK46,1277,10,harvest,A,AS,6.053467128,3,PHK46_1277
2019,PHK46,1277,11,harvest,A,AS,9.112744362,2,PHK46_1277
2019,PHK46,1277,12,harvest,A,AS,11.23881294,2,PHK46_1277
2019,PHK46,1277,13,harvest,A,AS,8.42484074,2,PHK46_1277
2019,Hp301,1278,1,harvest,A,NO,3.77221712,2,Hp301_1278
2019,Hp301,1278,2,harvest,A,NO,4.395588282,2,Hp301_1278
2019,Hp301,1278,3,harvest,A,NO,3.984723533,1,Hp301_1278
2019,Hp301,1278,4,harvest,A,NO,6.213619871,1,Hp301_1278
2019,Hp301,1278,5,harvest,A,NO,3.504533764,1,Hp301_1278
2019,Hp301,1278,6,harvest,A,NO,4.738079444,2,Hp301_1278
2019,Hp301,1278,7,harvest,A,NO,4.851782473,2,Hp301_1278
2019,Hp301,1278,8,harvest,A,NO,4.180563329,2,Hp301_1278
2019,Hp301,1278,9,harvest,A,NO,4.172954582,1,Hp301_1278
2019,Hp301,1278,10,harvest,A,NO,5.013484182,2,Hp301_1278
2019,NC350,1279,1,harvest,A,LE,7.063825224,2,NC350_1279
2019,NC350,1279,2,harvest,A,LE,4.713596864,1,NC350_1279
2019,NC350,1279,3,harvest,A,LE,4.081886997,1,NC350_1279
2019,NC350,1279,4,harvest,A,LE,1.728010606,1,NC350_1279
2019,NC350,1279,5,harvest,A,LE,0.709627157,1,NC350_1279
2019,NC350,1279,6,harvest,A,LE,5.531455438,2,NC350_1279
2019,NC350,1279,7,harvest,A,LE,1.697987524,1,NC350_1279
2019,R84,1280,1,harvest,A,LE,10.51688331,2,R84_1280
2019,R84,1280,2,harvest,A,LE,10.35975175,1,R84_1280
2019,R84,1280,3,harvest,A,LE,4.227350248,2,R84_1280
2019,R84,1280,4,harvest,A,LE,7.342545061,2,R84_1280
2019,R84,1280,5,harvest,A,LE,7.968842589,2,R84_1280
2019,R84,1280,6,harvest,A,LE,5.296411884,2,R84_1280
2019,R84,1280,7,harvest,A,LE,8.386130398,2,R84_1280
2019,R84,1280,8,harvest,A,LE,7.891683019,2,R84_1280
2019,R84,1280,9,harvest,A,LE,11.83920764,2,R84_1280
2019,R84,1280,10,harvest,A,LE,12.91318574,2,R84_1280
2019,R84,1280,11,harvest,A,LE,16.45603289,2,R84_1280
2019,R84,1280,12,harvest,A,LE,8.032275774,2,R84_1280
2019,R84,1280,13,harvest,A,LE,8.832165173,2,R84_1280
2019,R84,1280,14,harvest,A,LE,8.92984361,2,R84_1280
2019,A632,1282,1,harvest,A,NO,7.993244377,2,A632_1282
2019,A632,1282,2,harvest,A,NO,9.870229635,2,A632_1282
2019,A632,1282,3,harvest,A,NO,7.842211605,2,A632_1282
2019,A632,1282,4,harvest,A,NO,6.563193946,2,A632_1282
2019,A632,1282,5,harvest,A,NO,3.422176106,2,A632_1282
2019,A632,1282,6,harvest,A,NO,2.548039427,1,A632_1282
2019,A632,1282,7,harvest,A,NO,7.728053389,2,A632_1282
2019,A632,1282,8,harvest,A,NO,10.46431601,2,A632_1282
2019,Ms71,1283,1,harvest,A,ES,8.676001728,1,Ms71_1283
2019,Ms71,1283,2,harvest,A,ES,10.92307884,1,Ms71_1283
2019,Ms71,1283,3,harvest,A,ES,10.48862759,2,Ms71_1283
2019,Ms71,1283,4,harvest,A,ES,6.439206999,2,Ms71_1283
2019,Ms71,1283,5,harvest,A,ES,8.667219117,2,Ms71_1283
2019,Ms71,1283,6,harvest,A,ES,13.23282072,2,Ms71_1283
2019,Ms71,1283,7,harvest,A,ES,3.138774386,1,Ms71_1283
2019,Ms71,1283,8,harvest,A,ES,9.600901054,3,Ms71_1283
2019,LH211,1284,1,harvest,A,AS,9.535403764,3,LH211_1284
2019,LH211,1284,2,harvest,A,AS,10.82211277,3,LH211_1284
2019,LH211,1284,3,harvest,A,AS,13.13518387,2,LH211_1284
2019,LH211,1284,4,harvest,A,AS,7.779858094,2,LH211_1284
2019,LH211,1284,5,harvest,A,AS,8.864672601,2,LH211_1284
2019,LH211,1284,6,harvest,A,AS,9.984437562,2,LH211_1284
2019,LH211,1284,7,harvest,A,AS,8.760804857,2,LH211_1284
2019,LH211,1284,8,harvest,A,AS,6.764367507,2,LH211_1284
2019,LH211,1284,9,harvest,A,AS,9.833346499,2,LH211_1284
2019,LH211,1284,10,harvest,A,AS,13.77615383,2,LH211_1284
2019,LH211,1284,11,harvest,A,AS,14.54958445,2,LH211_1284
2019,LH211,1284,12,harvest,A,AS,11.8047669,2,LH211_1284
2019,LH211,1284,13,harvest,A,AS,10.17886321,2,LH211_1284
2019,LH211,1284,14,harvest,A,AS,13.82184684,3,LH211_1284
2019,LH211,1284,15,harvest,A,AS,13.33427376,3,LH211_1284
2019,SA24,1285,1,harvest,A,ES,17.23709181,2,SA24_1285
2019,SA24,1285,2,harvest,A,ES,19.3030056,2,SA24_1285
2019,SA24,1285,3,harvest,A,ES,21.52086608,1,SA24_1285
2019,SA24,1285,5,harvest,A,ES,14.66231572,1,SA24_1285
2019,SA24,1285,6,harvest,A,ES,15.73738233,1,SA24_1285
2019,SA24,1285,8,harvest,A,ES,17.47320395,1,SA24_1285
2019,SA24,1285,9,harvest,A,ES,11.23831845,1,SA24_1285
2019,SA24,1285,10,harvest,A,ES,16.38509096,1,SA24_1285
2019,SA24,1285,11,harvest,A,ES,11.39176453,1,SA24_1285
2019,SA24,1285,12,harvest,A,ES,14.5695793,1,SA24_1285
2019,SA24,1285,13,harvest,A,ES,12.34867769,1,SA24_1285
2019,SA24,1285,14,harvest,A,ES,6.521899477,1,SA24_1285
2019,Ky21,1286,1,harvest,A,NO,6.745822986,2,Ky21_1286
2019,Ky21,1286,2,harvest,A,NO,2.814660811,2,Ky21_1286
2019,Ky21,1286,3,harvest,A,NO,3.374885914,2,Ky21_1286
2019,Ky21,1286,5,harvest,A,NO,8.181865504,3,Ky21_1286
2019,Ky21,1286,6,harvest,A,NO,6.056799476,2,Ky21_1286
2019,Ky21,1286,7,harvest,A,NO,6.471283271,2,Ky21_1286
2019,Ky21,1286,8,harvest,A,NO,4.293419528,2,Ky21_1286
2019,2369,1287,1,harvest,A,LE,11.88490327,2,2369_1287
2019,2369,1287,2,harvest,A,LE,14.43202676,2,2369_1287
2019,2369,1287,3,harvest,A,LE,6.168776584,2,2369_1287
2019,2369,1287,4,harvest,A,LE,13.41425608,2,2369_1287
2019,2369,1287,5,harvest,A,LE,14.77130846,2,2369_1287
2019,2369,1287,6,harvest,A,LE,23.22696652,2,2369_1287
2019,2369,1287,7,harvest,A,LE,12.03393135,1,2369_1287
2019,2369,1287,8,harvest,A,LE,13.87341589,2,2369_1287
2019,2369,1287,9,harvest,A,LE,11.87823502,2,2369_1287
2019,2369,1287,10,harvest,A,LE,9.182720732,2,2369_1287
2019,2369,1287,11,harvest,A,LE,10.36498982,2,2369_1287
2019,2369,1287,12,harvest,A,LE,13.71041694,2,2369_1287
2019,2369,1287,13,harvest,A,LE,8.795204005,1,2369_1287
2019,2369,1287,14,harvest,A,LE,11.82786327,2,2369_1287
2019,2369,1287,15,harvest,A,LE,9.638859943,2,2369_1287
2019,2369,1287,16,harvest,A,LE,11.34053373,3,2369_1287
2019,W64A,1288,1,harvest,A,LE,3.033333183,2,W64A_1288
2019,W64A,1288,2,harvest,A,LE,3.85361333,2,W64A_1288
2019,W64A,1288,3,harvest,A,LE,4.112413413,2,W64A_1288
2019,W64A,1288,4,harvest,A,LE,2.65528016,2,W64A_1288
2019,W64A,1288,5,harvest,A,LE,3.273278864,2,W64A_1288
2019,W64A,1288,6,harvest,A,LE,2.526382645,2,W64A_1288
2019,W64A,1288,7,harvest,A,LE,3.23376728,2,W64A_1288
2019,W64A,1288,8,harvest,A,LE,1.929279378,2,W64A_1288
2019,W64A,1288,9,harvest,A,LE,3.778770598,2,W64A_1288
2019,W64A,1288,10,harvest,A,LE,3.685076549,2,W64A_1288
2019,W64A,1288,11,harvest,A,LE,3.74895738,2,W64A_1288
2019,W64A,1288,12,harvest,A,LE,4.722570944,2,W64A_1288
2019,Ki3,1289,1,harvest,A,LE,14.35647091,3,Ki3_1289
2019,Ki3,1289,2,harvest,A,LE,15.62376318,2,Ki3_1289
2019,Ki3,1289,3,harvest,A,LE,21.73935708,2,Ki3_1289
2019,Ki3,1289,4,harvest,A,LE,15.76654838,3,Ki3_1289
2019,CML373,1290,1,harvest,A,LE,13.74477737,3,CML373_1290
2019,CML373,1290,2,harvest,A,LE,8.788745126,3,CML373_1290
2019,CML373,1290,3,harvest,A,LE,11.79332134,3,CML373_1290
2019,CML373,1290,4,harvest,A,LE,12.31165832,3,CML373_1290
2019,CML373,1290,5,harvest,A,LE,12.61186895,3,CML373_1290
2019,CML373,1290,6,harvest,A,LE,7.436670966,2,CML373_1290
2019,CML373,1290,7,harvest,A,LE,13.08113284,2,CML373_1290
2019,CML373,1290,8,harvest,A,LE,10.20869205,2,CML373_1290
2019,CML373,1290,9,harvest,A,LE,3.061537772,2,CML373_1290
2019,CML373,1290,10,harvest,A,LE,7.879323759,2,CML373_1290
2019,CML373,1290,11,harvest,A,LE,10.33979674,2,CML373_1290
2019,CML373,1290,12,harvest,A,LE,14.53834694,3,CML373_1290
2019,6M502,1293,1,harvest,A,NO,7.827797827,2,6M502_1293
2019,6M502,1293,2,harvest,A,NO,8.083984972,2,6M502_1293
2019,6M502,1293,3,harvest,A,NO,4.091916775,1,6M502_1293
2019,6M502,1293,5,harvest,A,NO,3.197271898,2,6M502_1293
2019,6M502,1293,6,harvest,A,NO,5.587325848,2,6M502_1293
2019,6M502,1293,7,harvest,A,NO,7.402758288,2,6M502_1293
2019,6M502,1293,8,harvest,A,NO,5.853251773,2,6M502_1293
2019,6M502,1293,9,harvest,A,NO,5.227023967,2,6M502_1293
2019,6M502,1293,10,harvest,A,NO,5.73531552,2,6M502_1293
2019,6M502,1293,11,harvest,A,NO,7.14107533,2,6M502_1293
2019,6M502,1293,12,harvest,A,NO,6.28614983,2,6M502_1293
2019,6M502,1293,13,harvest,A,NO,5.486319571,3,6M502_1293
2019,6M502,1293,14,harvest,A,NO,6.450745503,2,6M502_1293
2019,Mo18W,1294,1,harvest,A,LE,23.84980581,4,Mo18W_1294
2019,Mo18W,1294,2,harvest,A,LE,21.79639297,3,Mo18W_1294
2019,Mo18W,1294,3,harvest,A,LE,25.68968331,3,Mo18W_1294
2019,Mo18W,1294,4,harvest,A,LE,19.40742472,2,Mo18W_1294
2019,Mo18W,1294,5,harvest,A,LE,22.37284728,3,Mo18W_1294
2019,Mo18W,1294,6,harvest,A,LE,26.86573425,2,Mo18W_1294
2019,Mo18W,1294,7,harvest,A,LE,15.00097168,3,Mo18W_1294
2019,Mo18W,1294,8,harvest,A,LE,15.01989542,2,Mo18W_1294
2019,Mo18W,1294,9,harvest,A,LE,16.93765363,3,Mo18W_1294
2019,Mo18W,1294,10,harvest,A,LE,13.83565667,3,Mo18W_1294
2019,Mo18W,1294,11,harvest,A,LE,17.90213358,3,Mo18W_1294
2019,Mo18W,1294,12,harvest,A,LE,17.41328587,3,Mo18W_1294
2019,Mo18W,1294,13,harvest,A,LE,17.53586161,3,Mo18W_1294
2019,Mo18W,1294,14,harvest,A,LE,22.12278847,3,Mo18W_1294
2019,PHB47,1296,1,harvest,A,NO,9.416449546,1,PHB47_1296
2019,PHB47,1296,2,harvest,A,NO,10.00291854,1,PHB47_1296
2019,PHB47,1296,3,harvest,A,NO,5.530835555,1,PHB47_1296
2019,PHB47,1296,5,harvest,A,NO,5.352299474,1,PHB47_1296
2019,PHB47,1296,6,harvest,A,NO,8.995640705,1,PHB47_1296
2019,PHB47,1296,7,harvest,A,NO,9.039176881,1,PHB47_1296
2019,PHB47,1296,8,harvest,A,NO,7.819240433,1,PHB47_1296
2019,PHB47,1296,9,harvest,A,NO,8.502258618,1,PHB47_1296
2019,PHB47,1296,10,harvest,A,NO,7.609925344,1,PHB47_1296
2019,PHB47,1296,11,harvest,A,NO,7.735367478,1,PHB47_1296
2019,PHB47,1296,12,harvest,A,NO,5.436883739,1,PHB47_1296
2019,CML277,1297,1,harvest,A,LE,20.93524748,3,CML277_1297
2019,CML277,1297,2,harvest,A,LE,14.04070606,3,CML277_1297
2019,CML277,1297,5,harvest,A,LE,7.392455365,2,CML277_1297
2019,CML277,1297,6,harvest,A,LE,7.658165327,1,CML277_1297
2019,CML277,1297,8,harvest,A,LE,13.1271489,2,CML277_1297
2019,CML277,1297,10,harvest,A,LE,9.106277532,2,CML277_1297
2019,CML277,1297,11,harvest,A,LE,13.14335761,2,CML277_1297
2019,Shoe Peg,1298,1,harvest,A,LE,5.912250496,3,Shoe Peg_1298
2019,Shoe Peg,1298,2,harvest,A,LE,4.300790895,3,Shoe Peg_1298
2019,Shoe Peg,1298,3,harvest,A,LE,6.946322776,3,Shoe Peg_1298
2019,Shoe Peg,1298,4,harvest,A,LE,16.19761728,2,Shoe Peg_1298
2019,Shoe Peg,1298,5,harvest,A,LE,3.161825057,1,Shoe Peg_1298
2019,CML10,1300,1,harvest,A,LE,21.00152815,3,CML10_1300
2019,CML10,1300,3,harvest,A,LE,18.65997309,2,CML10_1300
2019,CML10,1300,4,harvest,A,LE,23.45864012,1,CML10_1300
2019,CML10,1300,5,harvest,A,LE,14.78287705,1,CML10_1300
2019,CML10,1300,9,harvest,A,LE,7.356826684,1,CML10_1300
2019,CML10,1300,10,harvest,A,LE,22.48112612,2,CML10_1300
2019,CML10,1300,11,harvest,A,LE,10.34559877,1,CML10_1300
2019,CML10,1300,12,harvest,A,LE,20.64221252,3,CML10_1300
2019,PHHB4,1301,1,harvest,A,LE,8.096291846,2,PHHB4_1301
2019,PHHB4,1301,2,harvest,A,LE,6.971200364,2,PHHB4_1301
2019,PHHB4,1301,3,harvest,A,NO,8.000947967,2,PHHB4_1301
2019,PHHB4,1301,4,harvest,A,NO,5.667080093,2,PHHB4_1301
2019,PHHB4,1301,5,harvest,A,NO,9.671593077,2,PHHB4_1301
2019,PHHB4,1301,6,harvest,A,NO,5.510649051,2,PHHB4_1301
2019,PHHB4,1301,7,harvest,A,NO,7.545625623,2,PHHB4_1301
2019,PHHB4,1301,8,harvest,A,NO,7.106987723,2,PHHB4_1301
2019,PHHB4,1301,9,harvest,A,NO,6.871444584,2,PHHB4_1301
2019,PHHB4,1301,10,harvest,A,NO,7.56154486,2,PHHB4_1301
2019,PHHB4,1301,11,harvest,A,NO,6.751069431,2,PHHB4_1301
2019,PHHB4,1301,12,harvest,A,NO,7.832409158,2,PHHB4_1301
2019,B97,1302,1,harvest,A,AS,20.01830806,2,B97_1302
2019,B97,1302,2,harvest,A,AS,14.16968921,3,B97_1302
2019,B97,1302,3,harvest,A,AS,15.66233767,2,B97_1302
2019,B97,1302,5,harvest,A,AS,13.92233677,2,B97_1302
2019,B97,1302,6,harvest,A,AS,17.58694622,2,B97_1302
2019,B97,1302,7,harvest,A,AS,9.878358284,2,B97_1302
2019,B97,1302,8,harvest,A,AS,10.65180245,1,B97_1302
2019,B97,1302,9,harvest,A,AS,5.42663771,1,B97_1302
2019,B97,1302,10,harvest,A,AS,17.41421395,1,B97_1302
2019,B97,1302,11,harvest,A,AS,12.49388737,2,B97_1302
2019,Ky21,1303,1,harvest,A,NO,10.24337362,2,Ky21_1303
2019,Ky21,1303,2,harvest,A,NO,8.245045738,2,Ky21_1303
2019,Ky21,1303,3,harvest,A,NO,8.488427865,2,Ky21_1303
2019,Ky21,1303,4,harvest,A,NO,7.492083612,2,Ky21_1303
2019,Ky21,1303,5,harvest,A,NO,9.930566358,2,Ky21_1303
2019,Ky21,1303,6,harvest,A,NO,5.109855534,2,Ky21_1303
2019,Ky21,1303,7,harvest,A,NO,9.243611628,2,Ky21_1303
2019,Ky21,1303,8,harvest,A,NO,6.278188412,2,Ky21_1303
2019,Ky21,1303,9,harvest,A,NO,6.16484064,2,Ky21_1303
2019,Ky21,1303,10,harvest,A,NO,7.985848648,2,Ky21_1303
2019,M37W,1304,1,harvest,A,LE,18.72608057,2,M37W_1304
2019,M37W,1304,3,harvest,A,LE,17.71310617,2,M37W_1304
2019,M37W,1304,4,harvest,A,LE,8.683485013,2,M37W_1304
2019,M37W,1304,5,harvest,A,LE,9.866815821,2,M37W_1304
2019,M37W,1304,6,harvest,A,LE,2.663220266,2,M37W_1304
2019,M37W,1304,7,harvest,A,LE,1.912769924,1,M37W_1304
2019,M37W,1304,8,harvest,A,LE,18.44888365,2,M37W_1304
2019,M37W,1304,9,harvest,A,LE,3.916260678,1,M37W_1304
2019,M37W,1304,10,harvest,A,LE,4.146499525,1,M37W_1304
2019,M37W,1304,11,harvest,A,LE,10.87835061,2,M37W_1304
2019,M37W,1304,12,harvest,A,LE,11.63152615,2,M37W_1304
2019,M37W,1304,13,harvest,A,LE,2.180197926,1,M37W_1304
2019,L163,1305,1,harvest,A,NO,7.711350675,3,L163_1305
2019,L163,1305,2,harvest,A,NO,7.865254456,2,L163_1305
2019,L163,1305,3,harvest,A,NO,5.491741268,1,L163_1305
2019,L163,1305,4,harvest,A,NO,5.177409326,1,L163_1305
2019,L163,1305,5,harvest,A,NO,8.622075806,2,L163_1305
2019,L163,1305,6,harvest,A,NO,6.525527733,2,L163_1305
2019,L163,1305,7,harvest,A,NO,5.675135411,2,L163_1305
2019,L163,1305,8,harvest,A,NO,5.870069744,2,L163_1305
2019,L163,1305,9,harvest,A,NO,8.656556515,2,L163_1305
2019,L163,1305,10,harvest,A,NO,3.450841404,1,L163_1305
2019,L163,1305,11,harvest,A,NO,2.508388609,1,L163_1305
2019,L163,1305,12,harvest,A,NO,15.12136175,2,L163_1305
2019,L163,1305,13,harvest,A,NO,12.61212078,2,L163_1305
2019,CML69,1307,1,harvest,A,LE,16.01554263,2,CML69_1307
2019,CML69,1307,2,harvest,A,LE,7.268640254,2,CML69_1307
2019,CML69,1307,3,harvest,A,LE,6.810556834,2,CML69_1307
2019,CML69,1307,4,harvest,A,LE,7.614256085,2,CML69_1307
2019,CML69,1307,5,harvest,A,LE,4.293698877,2,CML69_1307
2019,CML69,1307,6,harvest,A,LE,6.474506804,2,CML69_1307
2019,CML69,1307,7,harvest,A,LE,9.975812588,2,CML69_1307
2019,CML69,1307,8,harvest,A,LE,7.081128764,2,CML69_1307
2019,CML69,1307,9,harvest,A,LE,7.3802586,2,CML69_1307
2019,CML69,1307,10,harvest,A,LE,7.110928901,2,CML69_1307
2019,CML69,1307,11,harvest,A,LE,6.152487961,1,CML69_1307
2019,CML69,1307,12,harvest,A,LE,8.458804929,2,CML69_1307
2019,CML341,1308,1,harvest,A,LE,19.09464262,2,CML341_1308
2019,CML341,1308,2,harvest,A,LE,2.623982447,1,CML341_1308
2019,CML341,1308,3,harvest,A,LE,13.37859856,2,CML341_1308
2019,CML341,1308,4,harvest,A,LE,3.006716847,1,CML341_1308
2019,CML341,1308,5,harvest,A,LE,3.4700855,2,CML341_1308
2019,CML341,1308,6,harvest,A,LE,8.054308934,2,CML341_1308
2019,CML341,1308,7,harvest,A,LE,8.344850417,2,CML341_1308
2019,CML341,1308,8,harvest,A,LE,1.691122594,1,CML341_1308
2019,CML341,1308,9,harvest,A,LE,8.425636557,1,CML341_1308
2019,CML341,1308,10,harvest,A,LE,13.46218204,2,CML341_1308
2019,CML341,1308,11,harvest,A,LE,8.835884821,2,CML341_1308
2019,CML341,1308,12,harvest,A,LE,1.360554474,2,CML341_1308
2019,CML341,1308,13,harvest,A,LE,9.745819937,2,CML341_1308
2019,CML341,1308,14,harvest,A,LE,3.38336019,2,CML341_1308
2019,CML341,1308,15,harvest,A,LE,8.074243037,2,CML341_1308
2019,CML341,1308,16,harvest,A,LE,13.21525646,2,CML341_1308
2019,CML341,1308,17,harvest,A,LE,6.338167396,2,CML341_1308
2019,CML341,1308,18,harvest,A,LE,15.31007861,3,CML341_1308
2019,F118,1309,1,harvest,A,LE,11.4177402,3,F118_1309
2019,F118,1309,2,harvest,A,LE,7.252184094,2,F118_1309
2019,F118,1309,3,harvest,A,LE,9.122119243,3,F118_1309
2019,F118,1309,4,harvest,A,LE,7.310290741,2,F118_1309
2019,F118,1309,5,harvest,A,LE,2.701933832,1,F118_1309
2019,F118,1309,6,harvest,A,LE,7.376770302,3,F118_1309
2019,F118,1309,7,harvest,A,LE,4.414336043,2,F118_1309
2019,F118,1309,8,harvest,A,LE,8.640248091,2,F118_1309
2019,Ki11,1310,1,harvest,A,LE,27.69280635,2,Ki11_1310
2019,Ki11,1310,2,harvest,A,LE,30.43349225,2,Ki11_1310
2019,Ki11,1310,3,harvest,A,LE,17.52837705,1,Ki11_1310
2019,Ki11,1310,4,harvest,A,LE,7.92396815,2,Ki11_1310
2019,Ki11,1310,5,harvest,A,LE,26.09765452,2,Ki11_1310
2019,Ki11,1310,9,harvest,A,LE,28.33146961,2,Ki11_1310
2019,Ki11,1310,10,harvest,A,LE,23.95845637,2,Ki11_1310
2019,Ki11,1310,11,harvest,A,LE,24.13698631,2,Ki11_1310
2019,Ki11,1310,12,harvest,A,LE,18.57585737,2,Ki11_1310
2019,Ki11,1310,13,harvest,A,LE,19.44211581,2,Ki11_1310
2019,B73,1311,1,harvest,A,NO,11.37608351,2,B73_1311
2019,B73,1311,2,harvest,A,NO,12.7915476,3,B73_1311
2019,B73,1311,3,harvest,A,NO,13.76466904,3,B73_1311
2019,B73,1311,4,harvest,A,NO,5.212863726,3,B73_1311
2019,B73,1311,5,harvest,A,NO,10.11508821,3,B73_1311
2019,B73,1311,6,harvest,A,NO,10.06359159,2,B73_1311
2019,B73,1311,7,harvest,A,NO,7.984787969,1,B73_1311
2019,B73,1311,8,harvest,A,NO,8.552844528,2,B73_1311
2019,B73,1311,9,harvest,A,NO,8.187567023,2,B73_1311
2019,B73,1311,10,harvest,A,NO,7.947288025,2,B73_1311
2019,B73,1311,11,harvest,A,NO,11.27341971,2,B73_1311
2019,Tzi9,1312,1,harvest,A,LE,15.05251619,2,Tzi9_1312
2019,Tzi9,1312,2,harvest,A,LE,11.2999596,2,Tzi9_1312
2019,Tzi9,1312,3,harvest,A,LE,9.628880994,2,Tzi9_1312
2019,Tzi9,1312,4,harvest,A,LE,9.954390792,1,Tzi9_1312
2019,Tzi9,1312,5,harvest,A,LE,6.738141127,2,Tzi9_1312
2019,Tzi9,1312,6,harvest,A,LE,14.5046596,1,Tzi9_1312
2019,Tzi9,1312,8,harvest,A,LE,8.644908906,2,Tzi9_1312
2019,Tzi9,1312,9,harvest,A,LE,2.440057018,1,Tzi9_1312
2019,Tzi9,1312,10,harvest,A,LE,6.066907085,1,Tzi9_1312
2019,Tzi9,1312,11,harvest,A,LE,8.242062793,2,Tzi9_1312
2019,Tzi9,1312,12,harvest,A,LE,4.851091339,1,Tzi9_1312
2019,Tzi9,1312,13,harvest,A,LE,10.96688599,2,Tzi9_1312
2019,Tzi9,1312,14,harvest,A,LE,9.009967224,2,Tzi9_1312
2019,Tzi9,1312,15,harvest,A,LE,5.6397349,2,Tzi9_1312
2019,Hickory King,1314,1,harvest,A,NO,18.22978352,3,Hickory King_1314
2019,Hickory King,1314,2,harvest,A,NO,10.28815812,2,Hickory King_1314
2019,Hickory King,1314,3,harvest,A,NO,10.21836674,2,Hickory King_1314
2019,Hickory King,1314,4,harvest,A,NO,8.536722139,3,Hickory King_1314
2019,Hickory King,1314,5,harvest,A,NO,13.35189613,2,Hickory King_1314
2019,Hickory King,1314,6,harvest,A,NO,6.400925543,2,Hickory King_1314
2019,Hickory King,1314,7,harvest,A,NO,15.72330476,2,Hickory King_1314
2019,Hickory King,1314,9,harvest,A,NO,11.5741389,2,Hickory King_1314
2019,CML247,1315,1,harvest,A,LE,21.08663765,3,CML247_1315
2019,CML247,1315,2,harvest,A,LE,11.93985564,2,CML247_1315
2019,CML247,1315,3,harvest,A,LE,8.631738259,2,CML247_1315
2019,CML247,1315,4,harvest,A,LE,6.941943425,2,CML247_1315
2019,CML247,1315,5,harvest,A,LE,3.824566796,1,CML247_1315
2019,CML247,1315,6,harvest,A,LE,10.68231767,2,CML247_1315
2019,CML247,1315,7,harvest,A,LE,6.134329648,1,CML247_1315
2019,CML247,1315,8,harvest,A,LE,15.00833356,2,CML247_1315
2019,R78,1316,1,harvest,A,LE,10.17175972,3,R78_1316
2019,R78,1316,2,harvest,A,LE,7.725184853,2,R78_1316
2019,R78,1316,3,harvest,A,LE,7.856821179,2,R78_1316
2019,R78,1316,4,harvest,A,LE,5.062995363,2,R78_1316
2019,R78,1316,5,harvest,A,LE,5.970869119,2,R78_1316
2019,R78,1316,6,harvest,A,LE,5.567070208,3,R78_1316
2019,R78,1316,8,harvest,A,LE,3.063130235,1,R78_1316
2019,R78,1316,9,harvest,A,LE,8.875518897,2,R78_1316
2019,R78,1316,10,harvest,A,LE,5.173513823,2,R78_1316
2019,R78,1316,11,harvest,A,LE,7.670933068,2,R78_1316
2019,R78,1316,12,harvest,A,LE,9.068653139,2,R78_1316
2019,R78,1316,13,harvest,A,LE,4.383467346,2,R78_1316
2019,Oh43,1317,1,harvest,A,NO,5.669672391,1,Oh43_1317
2019,Oh43,1317,2,harvest,A,NO,7.623308721,1,Oh43_1317
2019,Oh43,1317,3,harvest,A,NO,2.658086927,1,Oh43_1317
2019,Oh43,1317,4,harvest,A,NO,5.368237278,2,Oh43_1317
2019,Oh43,1317,6,harvest,A,NO,8.798624634,2,Oh43_1317
2019,NC262,1318,1,harvest,A,LE,6.779349657,2,NC262_1318
2019,NC262,1318,2,harvest,A,LE,8.004807811,2,NC262_1318
2019,NC262,1318,3,harvest,A,LE,9.950795661,2,NC262_1318
2019,NC262,1318,4,harvest,A,LE,8.7910007,3,NC262_1318
2019,CML333,1319,1,harvest,A,LE,11.65525184,2,CML333_1319
2019,CML333,1319,2,harvest,A,LE,1.458459325,1,CML333_1319
2019,CML333,1319,3,harvest,A,LE,17.26951448,2,CML333_1319
2019,CML333,1319,4,harvest,A,LE,12.46498591,2,CML333_1319
2019,A632,1321,1,harvest,A,LE,7.664652832,2,A632_1321
2019,A632,1321,2,harvest,A,LE,7.394896965,3,A632_1321
2019,A632,1321,3,harvest,A,LE,3.48239538,2,A632_1321
2019,A632,1321,4,harvest,A,LE,8.095802371,2,A632_1321
2019,A632,1321,5,harvest,A,LE,7.660431562,2,A632_1321
2019,A632,1321,6,harvest,A,LE,5.708982815,2,A632_1321
2019,A632,1321,8,harvest,A,LE,7.60589377,2,A632_1321
2019,A632,1321,9,harvest,A,LE,7.290672321,2,A632_1321
2019,A632,1321,10,harvest,A,LE,7.563243762,2,A632_1321
2019,Hp301,1322,1,harvest,A,NO,8.309186066,2,Hp301_1322
2019,Hp301,1322,2,harvest,A,NO,5.897511222,2,Hp301_1322
2019,Hp301,1322,3,harvest,A,NO,6.739803741,2,Hp301_1322
2019,Hp301,1322,4,harvest,A,NO,7.68062164,2,Hp301_1322
2019,Hp301,1322,5,harvest,A,NO,7.327989332,2,Hp301_1322
2019,Hp301,1322,6,harvest,A,NO,8.087026899,2,Hp301_1322
2019,Hp301,1322,7,harvest,A,NO,5.272212393,2,Hp301_1322
2019,Hp301,1322,8,harvest,A,NO,8.448826863,2,Hp301_1322
2019,Hp301,1322,9,harvest,A,NO,7.267939289,2,Hp301_1322
2019,Hp301,1322,10,harvest,A,NO,7.514298446,2,Hp301_1322
2019,GT112,1323,1,harvest,A,LE,18.21200474,3,GT112_1323
2019,GT112,1323,2,harvest,A,LE,16.55202225,3,GT112_1323
2019,GT112,1323,3,harvest,A,LE,25.1590405,2,GT112_1323
2019,GT112,1323,5,harvest,A,LE,10.65701964,2,GT112_1323
2019,GT112,1323,6,harvest,A,LE,17.01006462,2,GT112_1323
2019,GT112,1323,7,harvest,A,LE,20.17983184,3,GT112_1323
2019,GT112,1326,1,harvest,A,LE,9.160158959,2,GT112_1326
2019,GT112,1326,2,harvest,A,LE,10.96550781,2,GT112_1326
2019,GT112,1326,3,harvest,A,LE,12.09034072,2,GT112_1326
2019,GT112,1326,4,harvest,A,LE,9.715611249,2,GT112_1326
2019,GT112,1326,5,harvest,A,LE,8.50250083,3,GT112_1326
2019,GT112,1326,6,harvest,A,LE,12.04441702,2,GT112_1326
2019,GT112,1326,7,harvest,A,LE,14.47421044,2,GT112_1326
2019,GT112,1326,8,harvest,A,LE,17.96926647,2,GT112_1326
2019,GT112,1326,9,harvest,A,LE,12.68779206,2,GT112_1326
2019,Hickory King,1327,1,harvest,A,NO,31.56013473,2,Hickory King_1327
2019,Hickory King,1327,2,harvest,A,NO,18.46577621,1,Hickory King_1327
2019,Hickory King,1327,3,harvest,A,NO,21.70107619,2,Hickory King_1327
2019,Hickory King,1327,4,harvest,A,NO,29.91967358,2,Hickory King_1327
2019,Hickory King,1327,5,harvest,A,NO,38.45602078,2,Hickory King_1327
2019,Hickory King,1327,6,harvest,A,NO,33.18098454,2,Hickory King_1327
2019,PHT60,1328,1,harvest,A,LE,13.96494862,2,PHT60_1328
2019,PHT60,1328,2,harvest,A,LE,5.121362266,2,PHT60_1328
2019,PHT60,1328,3,harvest,A,LE,7.160163048,2,PHT60_1328
2019,PHT60,1328,4,harvest,A,LE,5.636319058,2,PHT60_1328
2019,PHT60,1328,5,harvest,A,LE,5.162344723,2,PHT60_1328
2019,PHT60,1328,6,harvest,A,LE,1.211084876,1,PHT60_1328
2019,PHT60,1328,7,harvest,A,LE,5.321031855,2,PHT60_1328
2019,PHT60,1328,8,harvest,A,LE,4.630640801,2,PHT60_1328
2019,PHT60,1328,9,harvest,A,LE,6.704506077,1,PHT60_1328
2019,PHT60,1328,10,harvest,A,LE,3.632882114,2,PHT60_1328
2019,PHT60,1328,11,harvest,A,LE,7.327695163,2,PHT60_1328
2019,PHT60,1328,12,harvest,A,LE,6.316154902,1,PHT60_1328
2019,PHT60,1328,13,harvest,A,LE,7.649954252,2,PHT60_1328
2019,Oh7B,1329,1,harvest,A,NO,17.86005562,2,Oh7B_1329
2019,Oh7B,1329,2,harvest,A,NO,9.837121023,1,Oh7B_1329
2019,Oh7B,1329,3,harvest,A,NO,9.553823662,1,Oh7B_1329
2019,Oh7B,1329,4,harvest,A,NO,11.00380889,1,Oh7B_1329
2019,Oh7B,1329,5,harvest,A,NO,13.56025867,2,Oh7B_1329
2019,Oh7B,1329,6,harvest,A,NO,11.38019533,1,Oh7B_1329
2019,Oh7B,1329,7,harvest,A,NO,10.70064005,1,Oh7B_1329
2019,Oh7B,1329,8,harvest,A,NO,10.40635169,1,Oh7B_1329
2019,Oh7B,1329,9,harvest,A,NO,17.52800716,2,Oh7B_1329
2019,Oh7B,1329,10,harvest,A,NO,13.58533659,1,Oh7B_1329
2019,Oh7B,1329,11,harvest,A,NO,16.3758412,1,Oh7B_1329
2019,Oh7B,1329,12,harvest,A,NO,5.043344472,1,Oh7B_1329
2019,Oh7B,1329,13,harvest,A,NO,14.63280337,2,Oh7B_1329
2019,Tzi8,1330,1,harvest,A,LE,4.098018675,1,Tzi8_1330
2019,Tzi8,1330,2,harvest,A,LE,19.16846718,1,Tzi8_1330
2019,Tzi8,1330,3,harvest,A,LE,16.77091117,1,Tzi8_1330
2019,Tzi8,1330,4,harvest,A,LE,15.85736878,1,Tzi8_1330
2019,Tzi8,1330,5,harvest,A,LE,11.09106518,1,Tzi8_1330
2019,Tzi8,1330,7,harvest,A,LE,12.37762782,1,Tzi8_1330
2019,Tzi8,1330,8,harvest,A,LE,16.16893916,1,Tzi8_1330
2019,Tzi8,1330,9,harvest,A,LE,6.51998309,1,Tzi8_1330
2019,Tzi8,1330,10,harvest,A,LE,6.197120511,1,Tzi8_1330
2019,Tzi8,1330,11,harvest,A,LE,7.098332401,2,Tzi8_1330
2019,Tzi8,1330,12,harvest,A,LE,10.82821374,2,Tzi8_1330
2019,Tzi8,1330,13,harvest,A,LE,19.68945487,1,Tzi8_1330
2019,CML52,1331,1,harvest,A,LE,15.12575992,2,CML52_1331
2019,CML52,1331,2,harvest,A,LE,13.38637917,1,CML52_1331
2019,CML52,1331,3,harvest,A,LE,15.97173452,1,CML52_1331
2019,CML52,1331,4,harvest,A,LE,14.37225696,1,CML52_1331
2019,CML52,1331,5,harvest,A,LE,7.894577246,1,CML52_1331
2019,CML52,1331,6,harvest,A,LE,13.53207496,1,CML52_1331
2019,CML52,1331,7,harvest,A,LE,10.10630665,1,CML52_1331
2019,CML52,1331,8,harvest,A,LE,7.371348552,1,CML52_1331
2019,CML52,1331,10,harvest,A,LE,13.61083114,1,CML52_1331
2019,CML52,1331,11,harvest,A,LE,17.12173368,1,CML52_1331
2019,CML52,1331,12,harvest,A,LE,7.381835833,1,CML52_1331
2019,CML52,1331,13,harvest,A,LE,6.374243469,1,CML52_1331
2019,CML52,1331,14,harvest,A,LE,14.40072161,1,CML52_1331
2019,CML52,1331,15,harvest,A,LE,13.50048564,1,CML52_1331
2019,CML52,1331,16,harvest,A,LE,12.85754716,2,CML52_1331
2019,F118,1333,1,harvest,A,LE,6.387679817,2,F118_1333
2019,F118,1333,2,harvest,A,LE,7.008757569,3,F118_1333
2019,F118,1333,3,harvest,A,LE,6.906343518,2,F118_1333
2019,F118,1333,4,harvest,A,LE,3.70051586,2,F118_1333
2019,F118,1333,5,harvest,A,LE,5.015546644,3,F118_1333
2019,F118,1333,6,harvest,A,LE,10.95615862,2,F118_1333
2019,F118,1333,7,harvest,A,LE,10.88803937,3,F118_1333
2019,PHR58,1334,1,harvest,A,LE,12.29451489,2,PHR58_1334
2019,PHR58,1334,2,harvest,A,LE,8.377393567,2,PHR58_1334
2019,PHR58,1334,3,harvest,A,LE,10.69395677,2,PHR58_1334
2019,PHR58,1334,4,harvest,A,LE,9.805656315,2,PHR58_1334
2019,PHR58,1334,5,harvest,A,LE,11.71062033,2,PHR58_1334
2019,PHR58,1334,6,harvest,A,LE,8.808384605,2,PHR58_1334
2019,PHR58,1334,8,harvest,A,LE,8.665698,2,PHR58_1334
2019,PHR58,1334,9,harvest,A,LE,6.578408548,2,PHR58_1334
2019,PHR58,1334,10,harvest,A,LE,15.3811254,2,PHR58_1334
2019,PHR58,1334,11,harvest,A,LE,8.495116146,2,PHR58_1334
2019,R78,1335,1,harvest,A,LE,11.23366173,2,R78_1335
2019,R78,1335,2,harvest,A,LE,5.202292306,2,R78_1335
2019,R78,1335,3,harvest,A,LE,11.2076878,2,R78_1335
2019,R78,1335,4,harvest,A,LE,7.813865835,2,R78_1335
2019,R78,1335,5,harvest,A,LE,8.402664423,2,R78_1335
2019,R78,1335,7,harvest,A,LE,9.070940695,2,R78_1335
2019,R78,1335,8,harvest,A,LE,6.97275223,2,R78_1335
2019,R78,1335,9,harvest,A,LE,4.967513789,2,R78_1335
2019,R78,1335,10,harvest,A,LE,6.064877828,2,R78_1335
2019,R78,1335,11,harvest,A,LE,3.588689031,2,R78_1335
2019,R78,1335,12,harvest,A,LE,6.576258801,1,R78_1335
2019,R78,1335,13,harvest,A,LE,7.382121107,2,R78_1335
2019,R78,1335,14,harvest,A,LE,7.782149819,3,R78_1335
2019,SA24,1336,1,harvest,A,ES,15.92765335,1,SA24_1336
2019,SA24,1336,2,harvest,A,ES,10.96570425,1,SA24_1336
2019,SA24,1336,3,harvest,A,ES,11.24927039,1,SA24_1336
2019,SA24,1336,6,harvest,A,ES,12.13178254,1,SA24_1336
2019,SA24,1336,7,harvest,A,ES,14.0892034,1,SA24_1336
2019,SA24,1336,8,harvest,A,ES,14.41038179,1,SA24_1336
2019,SA24,1336,9,harvest,A,ES,16.67817852,1,SA24_1336
2019,SA24,1336,10,harvest,A,ES,22.44441469,1,SA24_1336
2019,SA24,1336,11,harvest,A,ES,18.74332501,1,SA24_1336
2019,SA24,1336,12,harvest,A,ES,20.58059645,1,SA24_1336
2019,Shoe Peg,1337,1,harvest,A,LE,6.682474945,3,Shoe Peg_1337
2019,Shoe Peg,1337,2,harvest,A,LE,1.470261459,1,Shoe Peg_1337
2019,Shoe Peg,1337,3,harvest,A,LE,6.437854686,3,Shoe Peg_1337
2019,Shoe Peg,1337,5,harvest,A,LE,10.90251496,3,Shoe Peg_1337
2019,Shoe Peg,1337,6,harvest,A,LE,13.17252786,2,Shoe Peg_1337
2019,Shoe Peg,1337,7,harvest,A,LE,6.339839149,2,Shoe Peg_1337
2019,Shoe Peg,1337,8,harvest,A,LE,7.195798056,2,Shoe Peg_1337
2019,Shoe Peg,1337,9,harvest,A,LE,4.529624423,2,Shoe Peg_1337
2019,Shoe Peg,1337,10,harvest,A,LE,4.955693864,2,Shoe Peg_1337
2019,Shoe Peg,1337,11,harvest,A,LE,3.963914114,2,Shoe Peg_1337
2019,6M502,1338,1,harvest,A,LE,10.22522775,3,6M502_1338
2019,6M502,1338,2,harvest,A,LE,9.346388765,2,6M502_1338
2019,6M502,1338,3,harvest,A,LE,3.556938988,2,6M502_1338
2019,6M502,1338,4,harvest,A,LE,6.906163075,2,6M502_1338
2019,6M502,1338,5,harvest,A,LE,7.964049216,1,6M502_1338
2019,6M502,1338,6,harvest,A,LE,7.596304507,2,6M502_1338
2019,6M502,1338,7,harvest,A,LE,7.492901387,2,6M502_1338
2019,6M502,1338,8,harvest,A,LE,7.428062026,2,6M502_1338
2019,6M502,1338,9,harvest,A,LE,8.319578975,2,6M502_1338
2019,6M502,1338,10,harvest,A,LE,4.479175631,2,6M502_1338
2019,6M502,1338,11,harvest,A,LE,6.730711276,2,6M502_1338
2019,6M502,1338,12,harvest,A,LE,6.753271057,2,6M502_1338
2019,6M502,1338,13,harvest,A,LE,4.480919728,3,6M502_1338
2019,6M502,1338,14,harvest,A,LE,3.469055859,2,6M502_1338
2019,LH252,1339,1,harvest,A,LE,16.00605756,2,LH252_1339
2019,LH252,1339,2,harvest,A,LE,9.050128996,1,LH252_1339
2019,Ky21,1340,1,harvest,A,ES,7.163186582,2,Ky21_1340
2019,Ky21,1340,2,harvest,A,NO,7.148160129,2,Ky21_1340
2019,Ky21,1340,3,harvest,A,NO,4.520852997,2,Ky21_1340
2019,Ky21,1340,4,harvest,A,NO,7.349256507,2,Ky21_1340
2019,Ky21,1340,5,harvest,A,NO,5.524769901,2,Ky21_1340
2019,Ky21,1340,6,harvest,A,NO,5.143542139,2,Ky21_1340
2019,Ky21,1340,7,harvest,A,NO,5.744414617,2,Ky21_1340
2019,Ky21,1340,8,harvest,A,NO,6.374337632,2,Ky21_1340
2019,Ky21,1340,9,harvest,A,NO,8.827224807,3,Ky21_1340
2019,Ky21,1340,10,harvest,A,NO,9.366461394,2,Ky21_1340
2019,Ky21,1340,11,harvest,A,NO,6.895205526,2,Ky21_1340
2019,CML373,1341,1,harvest,A,LE,11.34633969,3,CML373_1341
2019,CML373,1341,2,harvest,A,LE,8.562324904,2,CML373_1341
2019,CML373,1341,3,harvest,A,LE,10.88362888,3,CML373_1341
2019,CML373,1341,4,harvest,A,LE,10.51717167,2,CML373_1341
2019,CML373,1341,5,harvest,A,LE,9.126477125,2,CML373_1341
2019,CML373,1341,6,harvest,A,LE,7.551065435,2,CML373_1341
2019,CML373,1341,7,harvest,A,LE,17.63318895,2,CML373_1341
2019,CML373,1341,8,harvest,A,LE,12.182265,3,CML373_1341
2019,CML373,1341,9,harvest,A,LE,16.76810239,2,CML373_1341
2019,CML373,1341,10,harvest,A,LE,12.8349562,3,CML373_1341
2019,CML373,1341,11,harvest,A,LE,12.59113362,2,CML373_1341
2019,CML333,1342,1,harvest,A,LE,14.38967049,3,CML333_1342
2019,CML333,1342,2,harvest,A,LE,4.676243126,2,CML333_1342
2019,CML333,1342,3,harvest,A,LE,7.184032753,2,CML333_1342
2019,CML333,1342,4,harvest,A,LE,5.529770568,1,CML333_1342
2019,CML333,1342,5,harvest,A,LE,9.712302992,2,CML333_1342
2019,CML333,1342,6,harvest,A,LE,6.252122647,2,CML333_1342
2019,CML333,1342,7,harvest,A,LE,1.418495123,1,CML333_1342
2019,CML333,1342,8,harvest,A,LE,10.19143459,2,CML333_1342
2019,Ki11,1344,1,harvest,A,LE,20.13502365,2,Ki11_1344
2019,Ki11,1344,2,harvest,A,LE,16.6968146,2,Ki11_1344
2019,Ki11,1344,3,harvest,A,LE,24.43912876,2,Ki11_1344
2019,Ki11,1344,4,harvest,A,LE,17.89495834,2,Ki11_1344
2019,Ki11,1344,5,harvest,A,LE,16.89615134,2,Ki11_1344
2019,Ki11,1344,6,harvest,A,LE,20.65023212,2,Ki11_1344
2019,Ki11,1344,7,harvest,A,LE,17.76491421,1,Ki11_1344
2019,Ki11,1344,8,harvest,A,LE,22.05528359,2,Ki11_1344
2019,Hp301,1345,1,harvest,A,AS,8.770078114,2,Hp301_1345
2019,Hp301,1345,2,harvest,A,AS,4.187783989,2,Hp301_1345
2019,Hp301,1345,3,harvest,A,AS,5.824094509,2,Hp301_1345
2019,Hp301,1345,5,harvest,A,AS,3.399556119,2,Hp301_1345
2019,Hp301,1345,6,harvest,A,AS,6.188387096,2,Hp301_1345
2019,Hp301,1345,7,harvest,A,AS,8.269973352,2,Hp301_1345
2019,Hp301,1345,8,harvest,A,AS,7.477077117,2,Hp301_1345
2019,Hp301,1345,9,harvest,A,AS,6.002544266,1,Hp301_1345
2019,Hp301,1345,10,harvest,A,AS,2.755711197,1,Hp301_1345
2019,Hp301,1345,11,harvest,A,AS,3.222162182,2,Hp301_1345
2019,Oh7B,1346,1,harvest,A,LE,8.875996698,2,Oh7B_1346
2019,Oh7B,1346,2,harvest,A,LE,11.12208153,1,Oh7B_1346
2019,Oh7B,1346,3,harvest,A,LE,13.46919989,1,Oh7B_1346
2019,Oh7B,1346,4,harvest,A,LE,6.857338135,2,Oh7B_1346
2019,Oh7B,1346,5,harvest,A,LE,7.110411463,1,Oh7B_1346
2019,Oh7B,1346,6,harvest,A,LE,7.60480762,1,Oh7B_1346
2019,Oh7B,1346,7,harvest,A,LE,10.34605936,1,Oh7B_1346
2019,Oh7B,1346,8,harvest,A,LE,10.40012149,2,Oh7B_1346
2019,Oh7B,1346,9,harvest,A,LE,7.004051472,1,Oh7B_1346
2019,Oh7B,1346,10,harvest,A,LE,12.37294654,1,Oh7B_1346
2019,Oh7B,1346,12,harvest,A,LE,14.48543187,2,Oh7B_1346
2019,Oh7B,1346,13,harvest,A,LE,9.92646529,1,Oh7B_1346
2019,PHB47,1347,1,harvest,A,NO,10.88999706,1,PHB47_1347
2019,PHB47,1347,2,harvest,A,NO,9.105854431,1,PHB47_1347
2019,PHB47,1347,3,harvest,A,NO,9.706065538,1,PHB47_1347
2019,PHB47,1347,4,harvest,A,NO,9.637336187,1,PHB47_1347
2019,PHB47,1347,5,harvest,A,NO,10.77677497,1,PHB47_1347
2019,PHB47,1347,6,harvest,A,NO,6.798317051,1,PHB47_1347
2019,PHB47,1347,7,harvest,A,NO,5.066784558,1,PHB47_1347
2019,PHB47,1347,8,harvest,A,NO,9.109449824,1,PHB47_1347
2019,PHB47,1347,9,harvest,A,NO,9.69879078,1,PHB47_1347
2019,PHB47,1347,10,harvest,A,NO,7.493304914,1,PHB47_1347
2019,M162W,1348,1,harvest,A,LE,22.54479854,3,M162W_1348
2019,M162W,1348,3,harvest,A,LE,9.866108382,2,M162W_1348
2019,M162W,1348,4,harvest,A,LE,15.90251181,2,M162W_1348
2019,M162W,1348,6,harvest,A,LE,13.42324579,2,M162W_1348
2019,M162W,1348,7,harvest,A,LE,23.13787863,2,M162W_1348
2019,M162W,1348,9,harvest,A,LE,8.353211692,2,M162W_1348
2019,M162W,1348,10,harvest,A,LE,20.35864411,3,M162W_1348
2019,M162W,1348,11,harvest,A,LE,18.06621606,2,M162W_1348
2019,W64A,1349,1,harvest,A,NO,3.736153446,3,W64A_1349
2019,W64A,1349,2,harvest,A,NO,2.712860693,2,W64A_1349
2019,W64A,1349,3,harvest,A,NO,2.695053137,3,W64A_1349
2019,W64A,1349,4,harvest,A,NO,2.843145754,2,W64A_1349
2019,W64A,1349,5,harvest,A,NO,3.515909643,3,W64A_1349
2019,W64A,1349,6,harvest,A,NO,2.929723083,2,W64A_1349
2019,W64A,1349,7,harvest,A,NO,2.24391227,2,W64A_1349
2019,W64A,1349,8,harvest,A,NO,2.439039698,2,W64A_1349
2019,W64A,1349,9,harvest,A,NO,2.934325432,2,W64A_1349
2019,W64A,1349,10,harvest,A,NO,3.104847229,2,W64A_1349
2019,W64A,1349,11,harvest,A,NO,3.662522133,3,W64A_1349
2019,Hickory King,1350,1,harvest,A,LE,28.02626698,3,Hickory King_1350
2019,Hickory King,1350,2,harvest,A,LE,11.84951505,2,Hickory King_1350
2019,Hickory King,1350,3,harvest,A,LE,19.570267,2,Hickory King_1350
2019,Hickory King,1350,4,harvest,A,LE,13.42601202,2,Hickory King_1350
2019,Hickory King,1350,5,harvest,A,LE,16.80020594,2,Hickory King_1350
2019,Hickory King,1350,6,harvest,A,LE,12.56871428,2,Hickory King_1350
2019,Hickory King,1350,7,harvest,A,LE,9.962004065,3,Hickory King_1350
2019,PHHB4,1351,1,harvest,A,ES,10.05678022,2,PHHB4_1351
2019,PHHB4,1351,2,harvest,A,ES,10.07618919,2,PHHB4_1351
2019,PHHB4,1351,3,harvest,A,ES,10.44921206,2,PHHB4_1351
2019,PHHB4,1351,4,harvest,A,ES,12.33452925,2,PHHB4_1351
2019,PHHB4,1351,5,harvest,A,ES,9.364690786,2,PHHB4_1351
2019,PHHB4,1351,6,harvest,A,ES,15.01069251,2,PHHB4_1351
2019,PHHB4,1351,7,harvest,A,ES,6.449880306,2,PHHB4_1351
2019,PHHB4,1351,8,harvest,A,ES,12.01528059,2,PHHB4_1351
2019,PHHB4,1351,9,harvest,A,ES,19.72299532,2,PHHB4_1351
2019,PHHB4,1351,10,harvest,A,ES,9.320863455,1,PHHB4_1351
2019,PHHB4,1351,11,harvest,A,ES,9.637998974,2,PHHB4_1351
2019,Tzi8,1352,3,harvest,A,LE,15.22023408,2,Tzi8_1352
2019,Tzi8,1352,4,harvest,A,LE,13.0161975,2,Tzi8_1352
2019,Tzi8,1352,5,harvest,A,LE,19.39982403,2,Tzi8_1352
2019,Tzi8,1352,6,harvest,A,LE,18.97218738,2,Tzi8_1352
2019,Tzi8,1352,7,harvest,A,LE,17.93009595,2,Tzi8_1352
2019,Tzi8,1352,8,harvest,A,LE,12.26518561,2,Tzi8_1352
2019,Tzi8,1352,9,harvest,A,LE,12.87266404,2,Tzi8_1352
2019,Tzi8,1352,10,harvest,A,LE,4.61984052,2,Tzi8_1352
2019,Tzi8,1352,11,harvest,A,LE,4.982391955,2,Tzi8_1352
2019,Tzi8,1352,12,harvest,A,LE,16.08976468,2,Tzi8_1352
2019,Tzi8,1352,13,harvest,A,LE,28.42112627,2,Tzi8_1352
2019,CML52,1353,1,harvest,A,LE,20.09249035,2,CML52_1353
2019,CML52,1353,2,harvest,A,LE,20.64674158,1,CML52_1353
2019,CML52,1353,3,harvest,A,LE,11.90151603,1,CML52_1353
2019,CML52,1353,4,harvest,A,LE,7.099926935,1,CML52_1353
2019,CML52,1353,5,harvest,A,LE,6.366735796,1,CML52_1353
2019,CML52,1353,6,harvest,A,LE,10.41290852,1,CML52_1353
2019,CML52,1353,7,harvest,A,LE,11.67184582,1,CML52_1353
2019,CML52,1353,8,harvest,A,LE,11.08753147,1,CML52_1353
2019,CML52,1353,10,harvest,A,LE,10.81334825,1,CML52_1353
2019,CML52,1353,11,harvest,A,LE,24.78462914,2,CML52_1353
2019,CML52,1353,12,harvest,A,LE,16.12558124,1,CML52_1353
2019,CML52,1353,15,harvest,A,LE,20.05042891,1,CML52_1353
2019,CML52,1353,16,harvest,A,LE,15.26083931,2,CML52_1353
2019,GT112,1354,1,harvest,A,LE,23.90108117,2,GT112_1354
2019,GT112,1354,2,harvest,A,LE,21.56928111,2,GT112_1354
2019,GT112,1354,3,harvest,A,LE,18.18569125,2,GT112_1354
2019,GT112,1354,4,harvest,A,LE,12.74468499,2,GT112_1354
2019,GT112,1354,5,harvest,A,LE,10.65804235,2,GT112_1354
2019,GT112,1354,6,harvest,A,LE,17.79695817,2,GT112_1354
2019,GT112,1354,7,harvest,A,LE,15.75398277,2,GT112_1354
2019,Tzi9,1355,1,harvest,A,LE,9.283903073,2,Tzi9_1355
2019,Tzi9,1355,2,harvest,A,LE,8.895970847,2,Tzi9_1355
2019,Tzi9,1355,3,harvest,A,LE,5.831318927,2,Tzi9_1355
2019,Tzi9,1355,4,harvest,A,LE,6.508917957,2,Tzi9_1355
2019,Tzi9,1355,5,harvest,A,LE,8.870386904,2,Tzi9_1355
2019,Tzi9,1355,6,harvest,A,LE,6.380195615,2,Tzi9_1355
2019,Tzi9,1355,7,harvest,A,LE,7.878293446,2,Tzi9_1355
2019,Tzi9,1355,8,harvest,A,LE,7.29579513,2,Tzi9_1355
2019,Tzi9,1355,9,harvest,A,LE,3.610443418,2,Tzi9_1355
2019,Tzi9,1355,10,harvest,A,LE,3.5076239,2,Tzi9_1355
2019,Tzi9,1355,11,harvest,A,LE,4.878549193,1,Tzi9_1355
2019,Tzi9,1355,12,harvest,A,LE,7.597323898,2,Tzi9_1355
2019,Tzi9,1355,13,harvest,A,LE,6.253346187,3,Tzi9_1355
2019,Tzi9,1355,14,harvest,A,LE,7.759774474,2,Tzi9_1355
2019,Tzi9,1355,15,harvest,A,LE,7.653567129,2,Tzi9_1355
2019,Tzi9,1355,16,harvest,A,LE,11.36463761,3,Tzi9_1355
2019,CML103,1356,1,harvest,A,LE,11.68084295,2,CML103_1356
2019,CML103,1356,2,harvest,A,LE,6.243535981,1,CML103_1356
2019,CML103,1356,6,harvest,A,LE,5.265505946,2,CML103_1356
2019,CML103,1356,9,harvest,A,LE,11.49545926,2,CML103_1356
2019,L163,1357,1,harvest,A,LE,9.41917261,3,L163_1357
2019,L163,1357,2,harvest,A,LE,7.502672045,2,L163_1357
2019,L163,1357,3,harvest,A,LE,7.464908969,3,L163_1357
2019,L163,1357,4,harvest,A,LE,6.026523697,3,L163_1357
2019,L163,1357,5,harvest,A,LE,6.831120834,2,L163_1357
2019,L163,1357,6,harvest,A,LE,7.672804339,3,L163_1357
2019,L163,1357,7,harvest,A,LE,6.694083424,3,L163_1357
2019,L163,1357,8,harvest,A,LE,5.829256037,3,L163_1357
2019,L163,1357,9,harvest,A,LE,7.294816101,3,L163_1357
2019,L163,1357,10,harvest,A,LE,6.802512788,2,L163_1357
2019,L163,1357,11,harvest,A,LE,6.871194927,2,L163_1357
2019,L163,1357,12,harvest,A,LE,5.73984792,3,L163_1357
2019,L163,1357,13,harvest,A,LE,4.933460497,2,L163_1357
2019,L163,1357,14,harvest,A,LE,5.563881349,3,L163_1357
2019,L163,1357,15,harvest,A,LE,6.659268481,3,L163_1357
2019,L163,1357,16,harvest,A,LE,5.108123278,2,L163_1357
2019,W64A,1358,1,harvest,A,NO,5.223450481,3,W64A_1358
2019,W64A,1358,2,harvest,A,NO,2.021603113,2,W64A_1358
2019,W64A,1358,3,harvest,A,NO,3.525389609,2,W64A_1358
2019,W64A,1358,4,harvest,A,NO,3.464715663,2,W64A_1358
2019,W64A,1358,5,harvest,A,NO,4.308506588,2,W64A_1358
2019,W64A,1358,6,harvest,A,NO,2.899010904,3,W64A_1358
2019,W64A,1358,7,harvest,A,NO,5.052549108,2,W64A_1358
2019,W64A,1358,9,harvest,A,NO,0.759823504,3,W64A_1358
2019,W64A,1358,10,harvest,A,NO,3.324787093,2,W64A_1358
2019,W64A,1358,11,harvest,A,NO,2.962750072,3,W64A_1358
2019,CML69,1359,1,harvest,A,LE,11.2070694,2,CML69_1359
2019,CML69,1359,2,harvest,A,LE,8.138658135,1,CML69_1359
2019,CML69,1359,3,harvest,A,LE,9.92186475,1,CML69_1359
2019,CML69,1359,4,harvest,A,LE,4.527933996,1,CML69_1359
2019,CML69,1359,5,harvest,A,LE,9.23185543,1,CML69_1359
2019,CML69,1359,6,harvest,A,LE,5.509021888,2,CML69_1359
2019,CML69,1359,7,harvest,A,LE,5.637742046,1,CML69_1359
2019,CML69,1359,8,harvest,A,LE,4.309670927,1,CML69_1359
2019,CML69,1359,9,harvest,A,LE,5.881935412,2,CML69_1359
2019,CML69,1359,10,harvest,A,LE,8.003689696,1,CML69_1359
2019,CML69,1359,11,harvest,A,LE,9.097266332,1,CML69_1359
2019,CML69,1359,12,harvest,A,LE,7.18236058,1,CML69_1359
2019,CML69,1359,13,harvest,A,LE,9.545517018,1,CML69_1359
2019,CML69,1359,14,harvest,A,LE,8.528077757,2,CML69_1359
2019,Mo18W,1362,1,harvest,A,LE,20.92242122,3,Mo18W_1362
2019,Mo18W,1362,2,harvest,A,LE,21.19148162,3,Mo18W_1362
2019,Mo18W,1362,3,harvest,A,LE,21.28006489,2,Mo18W_1362
2019,Mo18W,1362,4,harvest,A,LE,12.61815682,2,Mo18W_1362
2019,Mo18W,1362,5,harvest,A,LE,16.18667556,2,Mo18W_1362
2019,Mo18W,1362,6,harvest,A,LE,13.64560856,2,Mo18W_1362
2019,Mo18W,1362,7,harvest,A,LE,21.7513125,2,Mo18W_1362
2019,Mo18W,1362,8,harvest,A,LE,6.979684261,1,Mo18W_1362
2019,Mo18W,1362,9,harvest,A,LE,23.03851635,3,Mo18W_1362
2019,Mo18W,1362,10,harvest,A,LE,26.12128794,3,Mo18W_1362
2019,Mo18W,1362,13,harvest,A,LE,18.64573544,2,Mo18W_1362
2019,Mo18W,1362,14,harvest,A,LE,20.54832198,2,Mo18W_1362
2019,Mo18W,1362,15,harvest,A,LE,25.75032735,3,Mo18W_1362
2019,LH252,1364,1,harvest,A,LE,6.41376325,1,LH252_1364
2019,Hickory King,1367,1,harvest,A,AS,22.19180993,2,Hickory King_1367
2019,Hickory King,1367,2,harvest,A,AS,17.59029031,2,Hickory King_1367
2019,Hickory King,1367,3,harvest,A,AS,14.59590415,1,Hickory King_1367
2019,Hickory King,1367,4,harvest,A,AS,30.10616081,1,Hickory King_1367
2019,Hickory King,1367,5,harvest,A,AS,13.73319043,2,Hickory King_1367
2019,Hickory King,1367,6,harvest,A,AS,33.00970026,2,Hickory King_1367
2019,Hickory King,1367,7,harvest,A,AS,33.93622743,3,Hickory King_1367
2019,Hickory King,1367,8,harvest,A,AS,39.93081488,2,Hickory King_1367
2019,CML341,1368,1,harvest,A,LE,10.91900548,2,CML341_1368
2019,CML341,1368,2,harvest,A,LE,16.24913416,3,CML341_1368
2019,CML341,1368,3,harvest,A,LE,15.80143459,3,CML341_1368
2019,CML341,1368,4,harvest,A,LE,5.219067031,1,CML341_1368
2019,CML341,1368,5,harvest,A,LE,10.68116895,1,CML341_1368
2019,CML341,1368,6,harvest,A,LE,8.188485217,2,CML341_1368
2019,CML341,1368,7,harvest,A,LE,15.62678622,2,CML341_1368
2019,CML341,1368,8,harvest,A,LE,3.701231015,1,CML341_1368
2019,CML341,1368,9,harvest,A,LE,11.41546348,2,CML341_1368
2019,CML341,1368,10,harvest,A,LE,16.79483662,2,CML341_1368
2019,CML341,1368,11,harvest,A,LE,12.46810612,2,CML341_1368
2019,CML341,1368,12,harvest,A,LE,10.67750505,2,CML341_1368
2019,CML341,1368,13,harvest,A,LE,10.38984658,2,CML341_1368
2019,CML341,1368,14,harvest,A,LE,3.137104965,2,CML341_1368
2019,CML341,1368,15,harvest,A,LE,9.027476958,3,CML341_1368
2019,CML341,1368,16,harvest,A,LE,4.51657555,1,CML341_1368
2019,R84,1369,1,harvest,A,NO,7.124401669,2,R84_1369
2019,R84,1369,2,harvest,A,NO,8.517492129,2,R84_1369
2019,R84,1369,3,harvest,A,NO,4.521804047,2,R84_1369
2019,R84,1369,4,harvest,A,NO,5.857154267,2,R84_1369
2019,R84,1369,5,harvest,A,NO,2.040239498,1,R84_1369
2019,R84,1369,6,harvest,A,NO,2.50291651,1,R84_1369
2019,R84,1369,7,harvest,A,NO,2.631076894,1,R84_1369
2019,R84,1369,8,harvest,A,NO,1.494057659,1,R84_1369
2019,R84,1369,9,harvest,A,NO,1.586563287,1,R84_1369
2019,R84,1369,10,harvest,A,NO,2.53238901,1,R84_1369
2019,R84,1369,11,harvest,A,NO,4.133185703,1,R84_1369
2019,R84,1369,12,harvest,A,NO,3.456604377,2,R84_1369
2019,R84,1369,13,harvest,A,NO,3.783452201,1,R84_1369
2019,R84,1369,14,harvest,A,NO,6.031291519,2,R84_1369
2019,R84,1369,15,harvest,A,NO,5.519911289,2,R84_1369
2019,M37W,1370,1,harvest,A,LE,17.26091799,3,M37W_1370
2019,M37W,1370,2,harvest,A,LE,14.54792053,4,M37W_1370
2019,M37W,1370,3,harvest,A,LE,11.60892785,3,M37W_1370
2019,M37W,1370,4,harvest,A,LE,2.085756076,1,M37W_1370
2019,M37W,1370,5,harvest,A,LE,5.991352334,2,M37W_1370
2019,M37W,1370,6,harvest,A,LE,6.083838695,2,M37W_1370
2019,M37W,1370,7,harvest,A,LE,7.957711954,2,M37W_1370
2019,M37W,1370,9,harvest,A,LE,10.74688033,3,M37W_1370
2019,M37W,1370,10,harvest,A,LE,14.1154773,2,M37W_1370
2019,M37W,1370,11,harvest,A,LE,20.73671771,2,M37W_1370
2019,M37W,1370,12,harvest,A,LE,12.77829535,2,M37W_1370
2019,M37W,1370,13,harvest,A,LE,17.96227727,3,M37W_1370
2019,Ky21,1371,1,harvest,A,LE,6.758428268,3,Ky21_1371
2019,Ky21,1371,2,harvest,A,LE,2.472284022,2,Ky21_1371
2019,Ky21,1371,3,harvest,A,LE,3.724544364,2,Ky21_1371
2019,Ky21,1371,4,harvest,A,LE,2.789644558,2,Ky21_1371
2019,Ky21,1371,5,harvest,A,LE,7.079476968,2,Ky21_1371
2019,Ky21,1371,6,harvest,A,LE,5.311462209,2,Ky21_1371
2019,Ky21,1371,7,harvest,A,LE,1.435066145,1,Ky21_1371
2019,Ky21,1371,8,harvest,A,LE,5.688615449,2,Ky21_1371
2019,PHK46,1372,1,harvest,A,KL,5.278413427,2,PHK46_1372
2019,PHK46,1372,2,harvest,A,KL,9.890039333,2,PHK46_1372
2019,PHK46,1372,3,harvest,A,KL,7.528777428,3,PHK46_1372
2019,PHK46,1372,4,harvest,A,KL,7.775241835,2,PHK46_1372
2019,PHK46,1372,5,harvest,A,KL,1.385713264,2,PHK46_1372
2019,PHK46,1372,6,harvest,A,KL,6.965250648,3,PHK46_1372
2019,PHK46,1372,7,harvest,A,KL,8.783577656,3,PHK46_1372
2019,PHK46,1372,8,harvest,A,KL,7.26637062,3,PHK46_1372
2019,PHK46,1372,9,harvest,A,KL,2.716155388,2,PHK46_1372
2019,PHK46,1372,10,harvest,A,KL,7.627440766,3,PHK46_1372
2019,PHK46,1372,11,harvest,A,KL,4.464441513,3,PHK46_1372
2019,PHK46,1372,12,harvest,A,KL,1.507374836,2,PHK46_1372
2019,PHK46,1372,13,harvest,A,KL,6.290151353,3,PHK46_1372
2019,B97,1373,1,harvest,A,LE,9.019180625,1,B97_1373
2019,B97,1373,2,harvest,A,LE,5.570430641,1,B97_1373
2019,B97,1373,3,harvest,A,LE,7.107535018,1,B97_1373
2019,B97,1373,4,harvest,A,LE,7.689772449,1,B97_1373
2019,B97,1373,5,harvest,A,LE,8.004265793,1,B97_1373
2019,B97,1373,6,harvest,A,LE,5.706228913,1,B97_1373
2019,B97,1373,7,harvest,A,LE,7.613089614,1,B97_1373
2019,B97,1373,8,harvest,A,LE,6.253347061,1,B97_1373
2019,B97,1373,9,harvest,A,LE,7.968027836,2,B97_1373
2019,B97,1373,10,harvest,A,LE,5.757143911,1,B97_1373
2019,B97,1373,11,harvest,A,LE,9.892881411,2,B97_1373
2019,B97,1373,12,harvest,A,LE,8.226926642,1,B97_1373
2019,CML10,1374,1,harvest,A,LE,21.66066896,3,CML10_1374
2019,CML10,1374,2,harvest,A,LE,19.4234494,2,CML10_1374
2019,CML10,1374,3,harvest,A,LE,23.80096987,2,CML10_1374
2019,CML10,1374,4,harvest,A,LE,22.04070559,2,CML10_1374
2019,CML10,1374,5,harvest,A,LE,12.04064136,1,CML10_1374
2019,CML10,1374,6,harvest,A,LE,15.79238853,1,CML10_1374
2019,CML10,1374,8,harvest,A,LE,17.32981739,2,CML10_1374
2019,CML10,1374,9,harvest,A,LE,20.93781545,1,CML10_1374
2019,CML10,1374,10,harvest,A,LE,17.75424058,2,CML10_1374
2019,CML10,1374,11,harvest,A,LE,7.196914763,2,CML10_1374
2019,Ki3,1375,1,harvest,A,LE,13.02521027,2,Ki3_1375
2019,Ki3,1375,2,harvest,A,LE,9.406009836,1,Ki3_1375
2019,Ki3,1375,3,harvest,A,LE,15.12337406,3,Ki3_1375
2019,Ki3,1375,4,harvest,A,LE,14.68032999,3,Ki3_1375
2019,CML228,1376,1,harvest,A,LE,22.35437836,2,CML228_1376
2019,CML228,1376,2,harvest,A,LE,27.22278452,2,CML228_1376
2019,CML228,1376,3,harvest,A,LE,24.94278454,2,CML228_1376
2019,CML228,1376,4,harvest,A,LE,8.704234968,3,CML228_1376
2019,CML228,1376,5,harvest,A,LE,21.02573007,2,CML228_1376
2019,CML228,1376,6,harvest,A,LE,12.33260363,3,CML228_1376
2019,CML228,1376,7,harvest,A,LE,13.63840082,2,CML228_1376
2019,CML228,1376,8,harvest,A,LE,17.39918497,2,CML228_1376
2019,CML228,1376,9,harvest,A,LE,21.03302143,2,CML228_1376
2019,CML228,1376,10,harvest,A,LE,26.81198582,3,CML228_1376
2019,B104,1379,1,harvest,A,ES,28.55140528,3,B104_1379
2019,B104,1379,2,harvest,A,ES,13.35971816,2,B104_1379
2019,B104,1379,3,harvest,A,ES,16.94793536,2,B104_1379
2019,B104,1379,4,harvest,A,ES,21.24435056,2,B104_1379
2019,B104,1379,5,harvest,A,ES,29.54023176,2,B104_1379
2019,B104,1379,6,harvest,A,ES,15.71237082,2,B104_1379
2019,B104,1379,7,harvest,A,ES,23.21569992,2,B104_1379
2019,B104,1379,8,harvest,A,ES,18.433351,2,B104_1379
2019,B104,1379,9,harvest,A,ES,22.86923477,2,B104_1379
2019,B104,1379,10,harvest,A,ES,22.33100665,2,B104_1379
2019,B104,1379,11,harvest,A,ES,23.06920721,2,B104_1379
2019,B104,1379,12,harvest,A,ES,6.949940486,2,B104_1379
2019,B104,1379,13,harvest,A,ES,18.07592718,2,B104_1379
2019,B104,1379,14,harvest,A,ES,21.94025646,2,B104_1379
2019,CML247,1380,1,harvest,A,LE,27.64564761,3,CML247_1380
2019,CML247,1380,2,harvest,A,LE,5.746991397,1,CML247_1380
2019,CML247,1380,3,harvest,A,LE,13.91978279,4,CML247_1380
2019,CML247,1380,4,harvest,A,LE,16.95750274,2,CML247_1380
2019,CML247,1380,5,harvest,A,LE,15.10361321,3,CML247_1380
2019,CML247,1380,6,harvest,A,LE,21.65678574,2,CML247_1380
2019,CML247,1380,7,harvest,A,LE,13.86020794,3,CML247_1380
2019,CML247,1380,8,harvest,A,LE,19.45669599,3,CML247_1380
2019,PHT60,1381,1,harvest,A,LE,3.856909739,2,PHT60_1381
2019,PHT60,1381,2,harvest,A,LE,11.34425713,3,PHT60_1381
2019,PHT60,1381,3,harvest,A,LE,6.895964442,2,PHT60_1381
2019,PHT60,1381,4,harvest,A,LE,7.068115569,2,PHT60_1381
2019,PHT60,1381,5,harvest,A,LE,7.270600269,2,PHT60_1381
2019,PHT60,1381,6,harvest,A,LE,4.865772915,2,PHT60_1381
2019,PHT60,1381,7,harvest,A,LE,5.904687038,2,PHT60_1381
2019,PHT60,1381,8,harvest,A,LE,2.451247464,2,PHT60_1381
2019,PHT60,1381,9,harvest,A,LE,7.025972233,2,PHT60_1381
2019,PHT60,1381,10,harvest,A,LE,5.125869928,2,PHT60_1381
2019,PHT60,1381,11,harvest,A,LE,8.51893434,2,PHT60_1381
2019,PHT60,1381,12,harvest,A,LE,1.793412047,2,PHT60_1381
2019,PHT60,1381,13,harvest,A,LE,8.875057349,3,PHT60_1381
2019,CML258,1383,1,harvest,A,LE,35.22018655,3,CML258_1383
2019,CML258,1383,2,harvest,A,LE,32.13906324,2,CML258_1383
2019,CML258,1383,3,harvest,A,LE,35.0743582,2,CML258_1383
2019,CML258,1383,4,harvest,A,LE,30.42620473,3,CML258_1383
2019,CML258,1383,5,harvest,A,LE,28.61222671,2,CML258_1383
2019,CML258,1383,6,harvest,A,LE,32.81832081,3,CML258_1383
2019,CML258,1383,7,harvest,A,LE,28.92109133,3,CML258_1383
2019,CML258,1383,8,harvest,A,LE,29.53361848,2,CML258_1383
2019,CML258,1383,9,harvest,A,LE,23.37487393,2,CML258_1383
2019,CML258,1383,10,harvest,A,LE,26.29584814,3,CML258_1383
2019,CML258,1383,11,harvest,A,LE,13.02637436,2,CML258_1383
2019,Tzi8,1384,1,harvest,A,LE,22.3647874,3,Tzi8_1384
2019,Tzi8,1384,2,harvest,A,LE,24.15647523,2,Tzi8_1384
2019,Tzi8,1384,4,harvest,A,LE,3.601737048,1,Tzi8_1384
2019,Tzi8,1384,5,harvest,A,LE,10.4463705,2,Tzi8_1384
2019,Tzi8,1384,6,harvest,A,LE,16.38478503,1,Tzi8_1384
2019,Tzi8,1384,7,harvest,A,LE,8.295724911,1,Tzi8_1384
2019,Tzi8,1384,8,harvest,A,LE,11.07966925,1,Tzi8_1384
2019,Tzi8,1384,9,harvest,A,LE,16.89389857,2,Tzi8_1384
2019,Tzi8,1384,10,harvest,A,LE,9.456883597,1,Tzi8_1384
2019,Tzi8,1384,11,harvest,A,LE,11.30765213,1,Tzi8_1384
2019,Tzi8,1384,12,harvest,A,LE,12.77681231,2,Tzi8_1384
2019,Tzi8,1384,13,harvest,A,LE,20.27358292,2,Tzi8_1384
2019,Tzi8,1384,14,harvest,A,LE,13.40814114,2,Tzi8_1384
2019,Tzi8,1384,15,harvest,A,LE,14.5769826,2,Tzi8_1384
2019,Tzi8,1384,16,harvest,A,LE,7.240923917,2,Tzi8_1384
2019,P39,1385,1,harvest,A,LE,1.812888595,1,P39_1385
2019,CML277,1386,1,harvest,A,LE,10.46497233,2,CML277_1386
2019,CML277,1386,2,harvest,A,LE,20.09982636,2,CML277_1386
2019,CML277,1386,3,harvest,A,LE,14.16631891,1,CML277_1386
2019,CML277,1386,4,harvest,A,LE,10.00671465,2,CML277_1386
2019,CML277,1386,5,harvest,A,LE,20.69868096,2,CML277_1386
2019,CML277,1386,6,harvest,A,LE,13.10606509,2,CML277_1386
2019,CML277,1386,7,harvest,A,LE,13.42840426,2,CML277_1386
2019,2369,1389,1,harvest,A,LE,10.4802299,2,2369_1389
2019,2369,1389,2,harvest,A,LE,8.629424689,2,2369_1389
2019,2369,1389,3,harvest,A,LE,7.542593203,2,2369_1389
2019,2369,1389,4,harvest,A,LE,4.290044669,1,2369_1389
2019,2369,1389,5,harvest,A,LE,3.175467005,1,2369_1389
2019,2369,1389,6,harvest,A,LE,7.381867683,2,2369_1389
2019,2369,1389,7,harvest,A,LE,3.751640625,1,2369_1389
2019,2369,1389,8,harvest,A,LE,2.702484387,1,2369_1389
2019,2369,1389,9,harvest,A,LE,2.337368817,1,2369_1389
2019,2369,1389,10,harvest,A,LE,5.148950021,2,2369_1389
2019,2369,1389,11,harvest,A,LE,9.647491733,2,2369_1389
2019,2369,1389,12,harvest,A,LE,2.007623856,1,2369_1389
2019,2369,1389,13,harvest,A,LE,7.632347953,2,2369_1389
2019,2369,1389,14,harvest,A,LE,8.382330053,2,2369_1389
2019,2369,1389,15,harvest,A,LE,9.407925496,2,2369_1389
2019,2369,1389,16,harvest,A,LE,15.45231497,2,2369_1389
2019,CML277,1390,1,harvest,A,LE,16.19476838,1,CML277_1390
2019,CML277,1390,2,harvest,A,LE,15.90942805,2,CML277_1390
2019,CML277,1390,3,harvest,A,LE,9.60223161,2,CML277_1390
2019,CML277,1390,4,harvest,A,LE,9.862807552,1,CML277_1390
2019,CML277,1390,5,harvest,A,LE,6.333202799,1,CML277_1390
2019,CML277,1390,6,harvest,A,LE,5.538756139,1,CML277_1390
2019,CML277,1390,8,harvest,A,LE,5.700961759,1,CML277_1390
2019,CML277,1390,9,harvest,A,LE,13.1292478,2,CML277_1390
2019,CML277,1390,10,harvest,A,LE,11.09051389,2,CML277_1390
2019,CML277,1390,11,harvest,A,LE,15.04425384,1,CML277_1390
2019,CML277,1390,12,harvest,A,LE,19.05848292,2,CML277_1390
2019,B73,1391,1,harvest,A,ES,13.44594379,2,B73_1391
2019,B73,1391,2,harvest,A,ES,15.57933877,3,B73_1391
2019,B73,1391,3,harvest,A,ES,15.19161486,2,B73_1391
2019,B73,1391,4,harvest,A,ES,13.99780846,2,B73_1391
2019,B73,1391,5,harvest,A,ES,10.07412008,2,B73_1391
2019,B73,1391,6,harvest,A,ES,10.59280659,2,B73_1391
2019,B73,1391,8,harvest,A,ES,7.135379963,1,B73_1391
2019,B73,1391,9,harvest,A,ES,8.515471199,1,B73_1391
2019,B73,1391,10,harvest,A,ES,9.765117231,2,B73_1391
2019,B73,1391,11,harvest,A,ES,15.56568334,3,B73_1391
2019,B73,1391,12,harvest,A,ES,15.25550765,2,B73_1391
2019,A632,1392,1,harvest,A,AS,13.53314887,3,A632_1392
2019,A632,1392,2,harvest,A,AS,11.06578209,2,A632_1392
2019,A632,1392,3,harvest,A,AS,10.27722724,2,A632_1392
2019,A632,1392,4,harvest,A,AS,9.969802762,2,A632_1392
2019,A632,1392,7,harvest,A,AS,11.92635863,2,A632_1392
2019,Hp301,1393,1,harvest,A,AS,9.089520501,2,Hp301_1393
2019,Hp301,1393,2,harvest,A,AS,7.968634752,2,Hp301_1393
2019,Hp301,1393,3,harvest,A,AS,6.807805598,1,Hp301_1393
2019,Hp301,1393,4,harvest,A,AS,7.163990979,2,Hp301_1393
2019,Hp301,1393,5,harvest,A,AS,6.629433112,2,Hp301_1393
2019,Hp301,1393,6,harvest,A,AS,9.688021729,2,Hp301_1393
2019,Hp301,1393,7,harvest,A,AS,8.41102181,3,Hp301_1393
2019,Hp301,1393,8,harvest,A,AS,7.653930863,2,Hp301_1393
2019,Hp301,1393,9,harvest,A,AS,9.095248959,2,Hp301_1393
2019,GT112,1394,1,harvest,A,LE,24.90179143,2,GT112_1394
2019,GT112,1394,3,harvest,A,LE,20.0630639,2,GT112_1394
2019,GT112,1394,4,harvest,A,LE,22.41543187,2,GT112_1394
2019,GT112,1394,5,harvest,A,LE,20.50014201,2,GT112_1394
2019,GT112,1394,6,harvest,A,LE,21.83206037,2,GT112_1394
2019,GT112,1394,7,harvest,A,LE,21.59601342,2,GT112_1394
2019,A632,1395,1,harvest,A,LE,4.024487126,1,A632_1395
2019,A632,1395,2,harvest,A,LE,8.470506801,2,A632_1395
2019,A632,1395,3,harvest,A,LE,10.07444602,2,A632_1395
2019,A632,1395,4,harvest,A,LE,5.987457757,2,A632_1395
2019,A632,1395,5,harvest,A,LE,9.824294317,2,A632_1395
2019,A632,1395,6,harvest,A,LE,12.65337578,2,A632_1395
2019,Mo17,1396,1,harvest,A,NO,9.205721334,3,Mo17_1396
2019,Mo17,1396,2,harvest,A,NO,6.306670296,2,Mo17_1396
2019,Mo17,1396,3,harvest,A,NO,6.506771382,2,Mo17_1396
2019,Tx303,1397,1,harvest,A,LE,12.06572627,2,Tx303_1397
2019,Tx303,1397,2,harvest,A,LE,7.717064051,1,Tx303_1397
2019,Tx303,1397,3,harvest,A,LE,6.611816511,1,Tx303_1397
2019,Tx303,1397,4,harvest,A,LE,6.349239144,2,Tx303_1397
2019,Tx303,1397,5,harvest,A,LE,5.044511441,2,Tx303_1397
2019,Tx303,1397,7,harvest,A,LE,6.608447533,2,Tx303_1397
2019,Tx303,1397,8,harvest,A,LE,1.326004629,1,Tx303_1397
2019,Tx303,1397,9,harvest,A,LE,8.29059062,1,Tx303_1397
2019,Tx303,1397,10,harvest,A,LE,2.898366457,1,Tx303_1397
2019,Tx303,1397,12,harvest,A,LE,15.05502857,2,Tx303_1397
2019,Tx303,1397,13,harvest,A,LE,3.036938188,1,Tx303_1397
2019,Tx303,1397,14,harvest,A,LE,11.77949578,1,Tx303_1397
2019,Ms71,1398,1,harvest,A,ES,9.804647847,2,Ms71_1398
2019,Ms71,1398,2,harvest,A,ES,7.866953088,2,Ms71_1398
2019,Ms71,1398,3,harvest,A,ES,5.611372125,2,Ms71_1398
2019,Ms71,1398,4,harvest,A,ES,5.038179798,1,Ms71_1398
2019,Ms71,1398,5,harvest,A,ES,4.814437351,1,Ms71_1398
2019,Ms71,1398,6,harvest,A,ES,4.089847061,2,Ms71_1398
2019,Ms71,1398,7,harvest,A,ES,5.93462134,2,Ms71_1398
2019,Ms71,1398,8,harvest,A,ES,4.482350291,1,Ms71_1398
2019,Ms71,1398,9,harvest,A,ES,5.460358131,2,Ms71_1398
2019,Ms71,1398,10,harvest,A,ES,5.813273712,1,Ms71_1398
2019,Ms71,1398,11,harvest,A,ES,8.896469882,2,Ms71_1398
2019,Oh43,1399,1,harvest,A,LE,14.51682868,2,Oh43_1399
2019,Oh43,1399,2,harvest,A,LE,14.50166636,2,Oh43_1399
2019,Oh43,1399,3,harvest,A,LE,10.32874038,2,Oh43_1399
2019,Oh43,1399,4,harvest,A,LE,15.13984727,2,Oh43_1399
2019,Oh43,1399,5,harvest,A,LE,12.68371362,2,Oh43_1399
2019,NC350,1400,1,harvest,A,LE,8.136436875,2,NC350_1400
2019,NC350,1400,2,harvest,A,LE,7.793297545,2,NC350_1400
2019,NC350,1400,3,harvest,A,LE,5.150458922,2,NC350_1400
2019,NC350,1400,4,harvest,A,LE,5.901313525,2,NC350_1400
2019,NC350,1400,5,harvest,A,LE,8.504437725,2,NC350_1400
2019,NC350,1400,6,harvest,A,LE,9.019088088,2,NC350_1400
2019,LH211,1401,1,harvest,A,ES,6.739902648,3,LH211_1401
2019,LH211,1401,2,harvest,A,ES,8.499021751,2,LH211_1401
2019,LH211,1401,3,harvest,A,ES,16.35401981,2,LH211_1401
2019,LH211,1401,4,harvest,A,ES,10.90225107,2,LH211_1401
2019,LH211,1401,5,harvest,A,ES,13.13032049,2,LH211_1401
2019,LH211,1401,6,harvest,A,ES,12.78995831,3,LH211_1401
2019,LH211,1401,7,harvest,A,ES,9.436644246,3,LH211_1401
2019,LH211,1401,8,harvest,A,ES,9.83778215,3,LH211_1401
2019,LH211,1401,10,harvest,A,ES,9.72198729,3,LH211_1401
2019,LH211,1401,11,harvest,A,ES,12.14003614,2,LH211_1401
2019,LH211,1401,12,harvest,A,ES,11.86884118,2,LH211_1401
2019,LH211,1401,13,harvest,A,ES,14.77709092,2,LH211_1401
2019,Oh43,1402,1,harvest,A,AS,7.439726997,2,Oh43_1402
2019,Oh43,1402,3,harvest,A,AS,10.97681181,2,Oh43_1402
2019,Oh43,1402,4,harvest,A,AS,12.56971279,2,Oh43_1402
2019,Oh43,1402,5,harvest,A,AS,15.11499419,2,Oh43_1402
2019,Oh43,1402,6,harvest,A,AS,4.676119359,2,Oh43_1402
2019,Oh43,1402,7,harvest,A,AS,9.204682632,2,Oh43_1402
2019,LH123Ht,1403,1,harvest,A,LE,8.366814702,2,LH123Ht_1403
2019,LH123Ht,1403,2,harvest,A,LE,6.367734128,2,LH123Ht_1403
2019,LH123Ht,1403,3,harvest,A,LE,4.953743967,2,LH123Ht_1403
2019,LH123Ht,1403,4,harvest,A,LE,7.130917101,2,LH123Ht_1403
2019,LH123Ht,1403,5,harvest,A,LE,5.630910905,2,LH123Ht_1403
2019,LH123Ht,1403,6,harvest,A,LE,4.551513167,2,LH123Ht_1403
2019,LH123Ht,1403,7,harvest,A,LE,5.481914084,2,LH123Ht_1403
2019,LH123Ht,1403,8,harvest,A,LE,7.175601267,2,LH123Ht_1403
2019,LH123Ht,1403,9,harvest,A,LE,4.811491159,3,LH123Ht_1403
2019,LH123Ht,1403,10,harvest,A,LE,4.436278073,3,LH123Ht_1403
2019,LH123Ht,1403,11,harvest,A,LE,5.553394951,2,LH123Ht_1403
2019,LH123Ht,1403,12,harvest,A,LE,6.736738692,2,LH123Ht_1403
2019,NC262,1404,1,harvest,A,AS,5.135299344,2,NC262_1404
2019,NC262,1404,2,harvest,A,AS,17.32644648,3,NC262_1404
2019,NC262,1404,3,harvest,A,AS,23.91992793,3,NC262_1404
2019,NC262,1404,4,harvest,A,AS,12.01786271,3,NC262_1404
2019,NC262,1404,5,harvest,A,AS,14.71200467,2,NC262_1404
2019,NC262,1404,6,harvest,A,AS,13.04031396,2,NC262_1404
