Year,Accession,Plot.ID,Plant.Number,Plant.Age,Operator,Ratio..None.All....IMU,Brace.Root.Whorls.in.the.Soil,ID
2018,PHHB4,2307,2,dry,LE,0.57723765,2,PHHB4_2307
2018,PHHB4,2307,3,dry,LE,0.37599947,2,PHHB4_2307
2018,PHHB4,2307,4,dry,LE,0.58685625,2,PHHB4_2307
2018,PHHB4,2307,5,dry,LE,0.74656443,2,PHHB4_2307
2018,CML333,2308,1,dry,LE,0.63691477,2,CML333_2308
2018,CML333,2308,2,dry,LE,0.54317843,3,CML333_2308
2018,CML333,2308,3,dry,LE,0.42008263,3,CML333_2308
2018,CML333,2308,4,dry,LE,0.43641629,3,CML333_2308
2018,Tzi8,2309,1,dry,LE,0.77581935,2,Tzi8_2309
2018,Tzi8,2309,2,dry,LE,0.71904704,2,Tzi8_2309
2018,Tzi8,2309,3,dry,LE,0.79336031,2,Tzi8_2309
2018,Tzi8,2309,4,dry,LE,0.51006925,2,Tzi8_2309
2018,Tzi8,2309,5,dry,LE,0.61760651,2,Tzi8_2309
2018,CML277,2310,1,dry,LE,0.9153069,2,CML277_2310
2018,CML277,2310,2,dry,LE,0.97356317,1,CML277_2310
2018,CML277,2310,3,dry,LE,0.76597619,1,CML277_2310
2018,CML277,2310,4,dry,LE,0.7380415,1,CML277_2310
2018,CML277,2310,5,dry,LE,0.69559454,2,CML277_2310
2018,Oh43,2312,1,dry,LE,0.69148023,1,Oh43_2312
2018,Oh43,2312,2,dry,LE,0.93627327,1,Oh43_2312
2018,Oh43,2312,3,dry,LE,1.00885172,1,Oh43_2312
2018,Oh43,2312,4,dry,LE,0.94974445,1,Oh43_2312
2018,Oh43,2312,5,dry,LE,0.91762832,1,Oh43_2312
2018,CML322,2314,1,dry,LE,0.40664639,3,CML322_2314
2018,CML322,2314,2,dry,LE,0.80782805,2,CML322_2314
2018,CML322,2314,3,dry,LE,0.58139769,2,CML322_2314
2018,CML322,2314,4,dry,LE,0.48068194,2,CML322_2314
2018,CML322,2314,5,dry,LE,0.80596389,2,CML322_2314
2018,CML277,2315,1,dry,LE,0.76431741,1,CML277_2315
2018,CML277,2315,2,dry,LE,0.72244926,1,CML277_2315
2018,CML277,2315,3,dry,LE,0.68694329,1,CML277_2315
2018,CML277,2315,4,dry,LE,0.76496602,1,CML277_2315
2018,CML277,2315,5,dry,LE,0.80404521,2,CML277_2315
2018,LH211,2316,1,dry,LE,0.27888323,3,LH211_2316
2018,LH211,2316,2,dry,LE,0.50250394,2,LH211_2316
2018,LH211,2316,3,dry,LE,0.58435654,2,LH211_2316
2018,LH211,2316,4,dry,LE,0.25182009,2,LH211_2316
2018,LH211,2316,5,dry,LE,0.60950127,2,LH211_2316
2018,A632,2318,1,dry,LE,0.96987633,1,A632_2318
2018,A632,2318,2,dry,LE,0.59042789,2,A632_2318
2018,A632,2318,3,dry,LE,0.80079365,2,A632_2318
2018,A632,2318,4,dry,LE,0.83914434,1,A632_2318
2018,Tzi9,2319,1,dry,LE,0.69385291,1,Tzi9_2319
2018,Tzi9,2319,2,dry,LE,0.82093849,1,Tzi9_2319
2018,Tzi9,2319,3,dry,LE,0.78602561,1,Tzi9_2319
2018,Tzi9,2319,4,dry,LE,0.82981713,1,Tzi9_2319
2018,Tzi9,2319,5,dry,LE,0.6434665,1,Tzi9_2319
2018,NC262,2320,1,dry,LE,0.70967408,2,NC262_2320
2018,NC262,2320,2,dry,LE,0.87668023,2,NC262_2320
2018,NC262,2320,3,dry,LE,0.69721045,1,NC262_2320
2018,NC262,2320,4,dry,LE,0.87078318,1,NC262_2320
2018,NC262,2320,5,dry,LE,0.64350515,2,NC262_2320
2018,PHB47,2321,1,dry,LE,0.74919207,2,PHB47_2321
2018,PHB47,2321,2,dry,LE,0.65708868,2,PHB47_2321
2018,PHB47,2321,3,dry,LE,0.56878202,1,PHB47_2321
2018,PHB47,2321,4,dry,LE,0.64103416,1,PHB47_2321
2018,PHB47,2321,5,dry,LE,0.68258924,2,PHB47_2321
2018,Ki11,2322,1,dry,LE,0.67266604,3,Ki11_2322
2018,Ki11,2322,2,dry,LE,0.66312685,1,Ki11_2322
2018,Ki11,2322,3,dry,LE,0.74123489,2,Ki11_2322
2018,Ki11,2322,4,dry,LE,0.68819354,2,Ki11_2322
2018,Ki11,2322,5,dry,LE,0.53752434,2,Ki11_2322
2018,L163,2323,1,dry,LE,0.37267357,2,L163_2323
2018,L163,2323,2,dry,LE,0.82251616,2,L163_2323
2018,L163,2323,3,dry,LE,0.5384297,2,L163_2323
2018,L163,2323,4,dry,LE,0.83819763,2,L163_2323
2018,L163,2323,5,dry,LE,0.63239444,2,L163_2323
2018,Ms71,2326,1,dry,LE,0.51763504,2,Ms71_2326
2018,Ms71,2326,2,dry,LE,0.6987588,2,Ms71_2326
2018,Ms71,2326,3,dry,LE,0.82580068,2,Ms71_2326
2018,Ms71,2326,4,dry,LE,0.68796736,2,Ms71_2326
2018,Ms71,2326,5,dry,LE,0.77146947,1,Ms71_2326
2018,LH123Ht,2328,1,dry,LE,0.75946633,2,LH123Ht_2328
2018,LH123Ht,2328,2,dry,LE,0.71003387,2,LH123Ht_2328
2018,LH123Ht,2328,3,dry,LE,0.80293236,2,LH123Ht_2328
2018,LH123Ht,2328,4,dry,LE,0.62501984,2,LH123Ht_2328
2018,LH123Ht,2328,5,dry,LE,0.44897785,2,LH123Ht_2328
2018,Mo18W,2330,1,dry,LE,0.79409656,2,Mo18W_2330
2018,Mo18W,2330,2,dry,LE,0.66482995,2,Mo18W_2330
2018,Mo18W,2330,3,dry,LE,0.58127238,2,Mo18W_2330
2018,Mo18W,2330,4,dry,LE,0.49633522,2,Mo18W_2330
2018,Mo18W,2330,5,dry,LE,0.7773398,2,Mo18W_2330
2018,CML69,2331,1,dry,LE,0.52486579,2,CML69_2331
2018,CML69,2331,2,dry,LE,0.36646232,2,CML69_2331
2018,CML69,2331,3,dry,LE,0.64847164,2,CML69_2331
2018,CML69,2331,4,dry,LE,0.74393409,2,CML69_2331
2018,CML69,2331,5,dry,LE,0.65186488,2,CML69_2331
2018,CML10,2332,1,dry,LE,1.05952769,2,CML10_2332
2018,CML10,2332,2,dry,LE,0.76894391,2,CML10_2332
2018,CML10,2332,3,dry,LE,0.89265953,2,CML10_2332
2018,CML10,2332,4,dry,LE,0.59520072,2,CML10_2332
2018,CML10,2332,5,dry,LE,0.99018263,1,CML10_2332
2018,PHT60,2333,1,dry,LE,0.88543084,2,PHT60_2333
2018,PHT60,2333,2,dry,LE,0.64826406,2,PHT60_2333
2018,PHT60,2333,3,dry,LE,0.82409265,2,PHT60_2333
2018,PHT60,2333,4,dry,LE,0.73900362,1,PHT60_2333
2018,PHT60,2333,5,dry,LE,0.69131111,2,PHT60_2333
2018,M162W,2335,1,dry,LE,0.49540501,2,M162W_2335
2018,M162W,2335,2,dry,LE,0.54427289,3,M162W_2335
2018,M162W,2335,3,dry,LE,0.5984627,2,M162W_2335
2018,M162W,2335,4,dry,LE,0.35373714,2,M162W_2335
2018,M162W,2335,5,dry,LE,0.63017995,2,M162W_2335
2018,P39,2336,1,dry,LE,0.584413,2,P39_2336
2018,P39,2336,2,dry,LE,0.72822181,2,P39_2336
2018,P39,2336,3,dry,LE,0.80500086,1,P39_2336
2018,CML52,2337,1,dry,LE,0.76798181,2,CML52_2337
2018,CML52,2337,2,dry,LE,0.71960798,2,CML52_2337
2018,CML52,2337,3,dry,LE,0.72970219,2,CML52_2337
2018,CML52,2337,4,dry,LE,0.83569005,2,CML52_2337
2018,CML52,2337,5,dry,LE,0.67679446,2,CML52_2337
2018,GT112,2338,1,dry,LE,0.391568,2,GT112_2338
2018,GT112,2338,2,dry,LE,0.30452699,2,GT112_2338
2018,GT112,2338,3,dry,LE,0.55045548,2,GT112_2338
2018,GT112,2338,4,dry,LE,0.12023753,2,GT112_2338
2018,GT112,2338,5,dry,LE,0.45357714,2,GT112_2338
2018,Tx303,2339,1,dry,LE,0.56745431,2,Tx303_2339
2018,Tx303,2339,2,dry,LE,0.31339451,2,Tx303_2339
2018,Tx303,2339,3,dry,LE,0.69282772,2,Tx303_2339
2018,Tx303,2339,4,dry,LE,0.70728237,2,Tx303_2339
2018,Tx303,2339,5,dry,LE,0.29726136,2,Tx303_2339
2018,2369,2340,1,dry,LE,0.81611511,1,2369_2340
2018,2369,2340,2,dry,LE,0.22801321,2,2369_2340
2018,2369,2340,3,dry,LE,0.77527972,2,2369_2340
2018,2369,2340,4,dry,LE,0.43663553,2,2369_2340
2018,2369,2340,5,dry,LE,0.14649194,3,2369_2340
2018,CML341,2342,1,dry,LE,0.61725326,2,CML341_2342
2018,CML341,2342,2,dry,LE,0.61554033,2,CML341_2342
2018,CML341,2342,3,dry,LE,0.63583809,2,CML341_2342
2018,CML341,2342,4,dry,LE,0.69486525,2,CML341_2342
2018,CML341,2342,5,dry,LE,0.94390299,2,CML341_2342
2018,CML103,2343,1,dry,LE,0.34431406,2,CML103_2343
2018,CML103,2343,2,dry,LE,0.62170168,2,CML103_2343
2018,CML103,2343,3,dry,LE,0.69478823,2,CML103_2343
2018,CML103,2343,4,dry,LE,0.41756974,2,CML103_2343
2018,R78,2344,1,dry,LE,0.6474016,2,R78_2344
2018,R78,2344,2,dry,LE,0.56342985,2,R78_2344
2018,R78,2344,3,dry,LE,0.48989144,2,R78_2344
2018,R78,2344,4,dry,LE,0.72809994,2,R78_2344
2018,R78,2344,5,dry,LE,0.68761745,2,R78_2344
2018,Shoe Peg,2345,1,dry,LE,0.34842225,2,Shoe Peg_2345
2018,Shoe Peg,2345,2,dry,LE,0.74862776,2,Shoe Peg_2345
2018,Shoe Peg,2345,3,dry,LE,0.5930601,1,Shoe Peg_2345
2018,Shoe Peg,2345,4,dry,LE,0.6118583,2,Shoe Peg_2345
2018,Shoe Peg,2345,5,dry,LE,0.56549825,2,Shoe Peg_2345
2018,Oh7B,2346,1,dry,LE,0.28902187,2,Oh7B_2346
2018,Oh7B,2346,2,dry,LE,0.69751909,2,Oh7B_2346
2018,Oh7B,2346,3,dry,LE,0.47550704,2,Oh7B_2346
2018,Oh7B,2346,4,dry,LE,0.24370801,2,Oh7B_2346
2018,Oh7B,2346,5,dry,LE,0.34266626,2,Oh7B_2346
2018,Hp301,2347,1,dry,LE,0.18450567,2,Hp301_2347
2018,Hp301,2347,2,dry,LE,0.55622778,2,Hp301_2347
2018,Hp301,2347,3,dry,LE,0.19695868,2,Hp301_2347
2018,Hp301,2347,4,dry,LE,0.31417686,2,Hp301_2347
2018,Hp301,2347,5,dry,LE,0.54605953,2,Hp301_2347
2018,M37W,2349,1,dry,LE,0.72930361,2,M37W_2349
2018,M37W,2349,2,dry,LE,0.51537051,2,M37W_2349
2018,M37W,2349,3,dry,LE,0.49468698,2,M37W_2349
2018,M37W,2349,4,dry,LE,0.43357029,2,M37W_2349
2018,CML247,2351,1,dry,LE,0.50503554,2,CML247_2351
2018,CML247,2351,2,dry,LE,0.66605437,2,CML247_2351
2018,CML247,2351,3,dry,LE,0.65430332,2,CML247_2351
2018,CML247,2351,4,dry,LE,0.55795449,2,CML247_2351
2018,CML247,2351,5,dry,LE,0.67006268,2,CML247_2351
2018,B97,2352,1,dry,LE,0.7052189,2,B97_2352
2018,B97,2352,2,dry,LE,0.71685112,2,B97_2352
2018,B97,2352,3,dry,LE,0.63678556,2,B97_2352
2018,B97,2352,4,dry,LE,0.44382565,2,B97_2352
2018,B97,2352,5,dry,LE,0.51734121,2,B97_2352
2018,SA24,2354,1,dry,LE,0.62601433,2,SA24_2354
2018,SA24,2354,2,dry,LE,0.94001623,1,SA24_2354
2018,SA24,2354,3,dry,LE,0.44923964,2,SA24_2354
2018,SA24,2354,4,dry,LE,0.74532489,2,SA24_2354
2018,SA24,2354,5,dry,LE,0.55715331,2,SA24_2354
2018,F118,2355,1,dry,LE,0.85617928,2,F118_2355
2018,F118,2355,2,dry,LE,0.88880633,2,F118_2355
2018,F118,2355,3,dry,LE,0.35414924,2,F118_2355
2018,F118,2355,4,dry,LE,0.75190626,2,F118_2355
2018,F118,2355,5,dry,LE,0.79223994,2,F118_2355
2018,R84,2356,1,dry,LE,0.39829098,2,R84_2356
2018,R84,2356,2,dry,LE,0.45086872,2,R84_2356
2018,R84,2356,3,dry,LE,0.61185662,2,R84_2356
2018,R84,2356,4,dry,LE,0.57366118,2,R84_2356
2018,CML373,2358,1,dry,LE,0.46930149,2,CML373_2358
2018,CML373,2358,2,dry,LE,0.57525914,3,CML373_2358
2018,CML373,2358,3,dry,LE,0.82739548,2,CML373_2358
2018,CML373,2358,4,dry,LE,0.75330851,2,CML373_2358
2018,CML373,2358,5,dry,LE,0.72919272,2,CML373_2358
2018,W64A,2359,1,dry,LE,0.76613482,2,W64A_2359
2018,W64A,2359,2,dry,LE,1.15547992,2,W64A_2359
2018,W64A,2359,3,dry,LE,0.77822639,2,W64A_2359
2018,W64A,2359,4,dry,LE,0.61174369,2,W64A_2359
2018,W64A,2359,5,dry,LE,0.8441834,2,W64A_2359
2018,Mo17,2360,1,dry,LE,0.8351958,2,Mo17_2360
2018,Mo17,2360,2,dry,LE,0.36139448,2,Mo17_2360
2018,Mo17,2360,3,dry,LE,0.80481164,2,Mo17_2360
2018,Mo17,2360,4,dry,LE,0.3148099,2,Mo17_2360
2018,Mo17,2360,5,dry,LE,0.61876964,2,Mo17_2360
2018,CML258,2361,1,dry,LE,0.56342089,2,CML258_2361
2018,CML258,2361,2,dry,LE,0.81873823,1,CML258_2361
2018,CML258,2361,3,dry,LE,0.43762782,2,CML258_2361
2018,CML258,2361,4,dry,LE,0.53389908,2,CML258_2361
2018,CML258,2361,5,dry,LE,0.43527202,2,CML258_2361
2018,Hickory King,2362,1,dry,LE,0.32056955,2,Hickory King_2362
2018,Hickory King,2362,2,dry,LE,0.14679335,2,Hickory King_2362
2018,Hickory King,2362,3,dry,LE,0.50342887,2,Hickory King_2362
2018,Hickory King,2362,4,dry,LE,0.21319274,3,Hickory King_2362
2018,Hickory King,2362,5,dry,LE,0.61933647,2,Hickory King_2362
2018,Ki3,2365,1,dry,LE,0.50775527,2,Ki3_2365
2018,Ki3,2365,2,dry,LE,0.85581756,2,Ki3_2365
2018,Ki3,2365,3,dry,LE,0.85486064,2,Ki3_2365
2018,Ki3,2365,4,dry,LE,0.76241197,2,Ki3_2365
2018,Ki3,2365,5,dry,LE,0.67792939,2,Ki3_2365
2018,6M502,2366,1,dry,LE,0.43113995,2,6M502_2366
2018,6M502,2366,2,dry,LE,0.47761458,2,6M502_2366
2018,6M502,2366,3,dry,LE,0.74506257,2,6M502_2366
2018,6M502,2366,4,dry,LE,0.61086745,2,6M502_2366
2018,6M502,2366,5,dry,LE,0.40643466,2,6M502_2366
2018,B73,2368,1,dry,LE,0.66997407,2,B73_2368
2018,B73,2368,2,dry,LE,0.39567787,2,B73_2368
2018,B73,2368,3,dry,LE,0.54836133,2,B73_2368
2018,B73,2368,4,dry,LE,0.72979394,2,B73_2368
2018,B73,2368,5,dry,LE,0.77659651,2,B73_2368
2018,B104,2369,1,dry,LE,0.61103064,2,B104_2369
2018,B104,2369,2,dry,LE,0.74018385,2,B104_2369
2018,Tzi8,2370,1,dry,LE,0.95218227,1,Tzi8_2370
2018,Tzi8,2370,2,dry,LE,0.69875401,2,Tzi8_2370
2018,Tzi8,2370,3,dry,LE,0.89898246,1,Tzi8_2370
2018,Tzi8,2370,4,dry,LE,0.93292027,2,Tzi8_2370
2018,Ky21,2371,1,dry,LE,0.88397435,1,Ky21_2371
2018,Ky21,2371,2,dry,LE,0.57356695,2,Ky21_2371
2018,Ky21,2371,3,dry,LE,0.65594446,2,Ky21_2371
2018,Ky21,2371,4,dry,LE,1.03514668,2,Ky21_2371
2018,Ky21,2371,5,dry,LE,0.77740117,1,Ky21_2371
2018,CML228,2372,1,dry,LE,1.01485798,2,CML228_2372
2018,CML228,2372,2,dry,LE,0.85664908,2,CML228_2372
2018,CML228,2372,3,dry,LE,0.57975409,2,CML228_2372
2018,LH252,2374,1,dry,ES,0.41166183,2,LH252_2374
2018,LH252,2374,2,dry,ES,0.46893767,2,LH252_2374
2018,NC350,2375,1,dry,ES,0.81400599,2,NC350_2375
2018,NC350,2375,2,dry,ES,0.78876905,2,NC350_2375
2018,NC350,2375,3,dry,ES,0.53918575,2,NC350_2375
2018,NC350,2375,4,dry,ES,0.59503006,2,NC350_2375
2018,NC350,2375,5,dry,ES,0.86316293,2,NC350_2375
2018,PHK46,2376,1,dry,ES,0.58715434,1,PHK46_2376
2018,PHK46,2376,2,dry,ES,0.9029146,1,PHK46_2376
2018,PHK46,2376,3,dry,ES,1.0580741,1,PHK46_2376
2018,PHK46,2376,4,dry,ES,0.71830818,2,PHK46_2376
2018,PHK46,2376,5,dry,ES,0.62370433,2,PHK46_2376
2018,PHR58,2377,1,dry,ES,0.67296509,1,PHR58_2377
2018,PHR58,2377,2,dry,ES,0.66629599,1,PHR58_2377
2018,PHR58,2377,3,dry,ES,0.63986608,1,PHR58_2377
2018,PHR58,2377,4,dry,ES,0.40110076,1,PHR58_2377
2018,PHR58,2377,5,dry,ES,0.74878028,2,PHR58_2377
2018,Oh7B,2380,1,dry,ES,0.83003628,1,Oh7B_2380
2018,Oh7B,2380,2,dry,ES,0.92516184,1,Oh7B_2380
2018,Oh7B,2380,3,dry,ES,0.87591145,2,Oh7B_2380
2018,Oh7B,2380,4,dry,ES,0.91015692,1,Oh7B_2380
2018,Oh7B,2380,5,dry,ES,0.78966528,1,Oh7B_2380
2018,R84,2382,1,dry,ES,0.35813511,1,R84_2382
2018,R84,2382,2,dry,ES,0.56097696,1,R84_2382
2018,R84,2382,3,dry,ES,0.74876452,1,R84_2382
2018,Ky21,2383,1,dry,ES,0.9506843,1,Ky21_2383
2018,Ky21,2383,2,dry,ES,0.93017014,1,Ky21_2383
2018,Ky21,2383,3,dry,ES,1.06786273,1,Ky21_2383
2018,A632,2384,1,dry,ES,0.77670652,1,A632_2384
2018,A632,2384,2,dry,ES,1.16577916,1,A632_2384
2018,A632,2384,3,dry,ES,0.77633267,1,A632_2384
2018,Hp301,2385,1,dry,ES,0.38990713,2,Hp301_2385
2018,Hp301,2385,2,dry,ES,0.53566029,2,Hp301_2385
2018,Hp301,2385,3,dry,ES,0.49577408,1,Hp301_2385
2018,L163,2386,1,dry,ES,0.86652707,1,L163_2386
2018,L163,2386,2,dry,ES,0.65084576,2,L163_2386
2018,L163,2386,3,dry,ES,0.47547876,2,L163_2386
2018,M37W,2388,1,dry,ES,0.62860979,2,M37W_2388
2018,M37W,2388,2,dry,ES,0.71737277,2,M37W_2388
2018,M37W,2388,3,dry,ES,0.7606436,2,M37W_2388
2018,Oh43,2390,1,dry,ES,0.64351295,2,Oh43_2390
2018,Oh43,2390,2,dry,ES,0.82135549,1,Oh43_2390
2018,Oh43,2390,3,dry,ES,0.89577619,1,Oh43_2390
2018,Tx303,2394,1,dry,ES,0.55331443,1,Tx303_2394
2018,Tx303,2394,2,dry,ES,0.81438442,1,Tx303_2394
2018,Tx303,2394,3,dry,ES,0.84641141,1,Tx303_2394
2018,Mo17,2397,1,dry,ES,0.38973867,2,Mo17_2397
2018,Mo17,2397,2,dry,ES,0.45929166,2,Mo17_2397
2018,Mo17,2397,3,dry,ES,0.71059775,1,Mo17_2397
2018,LH211,2398,1,dry,ES,0.59628783,2,LH211_2398
2018,LH211,2398,2,dry,ES,0.57718571,2,LH211_2398
2018,LH211,2398,3,dry,ES,0.66191266,2,LH211_2398
2018,LH252,2402,1,dry,ES,0.27428165,2,LH252_2402
2018,LH252,2402,2,dry,ES,0.92462863,1,LH252_2402
2018,LH252,2402,3,dry,ES,0.4914855,2,LH252_2402
2018,Ki3,2403,1,dry,ES,0.78284592,2,Ki3_2403
2018,Ki3,2403,2,dry,ES,0.89385655,1,Ki3_2403
2018,Ki3,2403,3,dry,ES,0.78552094,2,Ki3_2403
2018,M162W,2404,1,dry,ES,0.56778269,2,M162W_2404
2018,M162W,2404,2,dry,ES,0.60755568,2,M162W_2404
2018,M162W,2404,3,dry,ES,0.51986277,2,M162W_2404
2018,B104,2405,1,dry,ES,0.96587626,1,B104_2405
2018,B104,2405,2,dry,ES,0.4934645,2,B104_2405
2018,B104,2405,3,dry,ES,0.51741721,2,B104_2405
2018,NC350,2406,1,dry,ES,0.81921356,2,NC350_2406
2018,NC350,2406,2,dry,ES,0.66071368,2,NC350_2406
2018,NC350,2406,3,dry,ES,0.75528781,2,NC350_2406
2018,Mo18W,2408,1,dry,ES,0.81217286,2,Mo18W_2408
2018,Mo18W,2408,2,dry,ES,0.76096869,2,Mo18W_2408
2018,Mo18W,2408,3,dry,ES,0.70243815,2,Mo18W_2408
2018,PHT60,2409,1,dry,ES,0.936826,1,PHT60_2409
2018,PHT60,2409,2,dry,ES,0.74615606,1,PHT60_2409
2018,PHT60,2409,3,dry,ES,0.84987133,1,PHT60_2409
2018,B97,2411,1,dry,ES,0.57235915,1,B97_2411
2018,B97,2411,2,dry,ES,0.65814846,1,B97_2411
2018,B97,2411,3,dry,ES,1.02774392,1,B97_2411
2018,R78,2412,1,dry,ES,0.75652257,1,R78_2412
2018,R78,2412,2,dry,ES,0.60224937,1,R78_2412
2018,R78,2412,3,dry,ES,1.12455507,1,R78_2412
2018,CML69,2413,1,dry,ES,0.90559396,2,CML69_2413
2018,CML69,2413,2,dry,ES,0.52350033,2,CML69_2413
2018,CML69,2413,3,dry,ES,0.54227152,2,CML69_2413
2018,PHHB4,2414,1,dry,ES,0.43995169,2,PHHB4_2414
2018,PHHB4,2414,2,dry,ES,0.56173779,2,PHHB4_2414
2018,PHHB4,2414,3,dry,ES,0.96567475,1,PHHB4_2414
2018,NC262,2415,1,dry,ES,1.10289525,1,NC262_2415
2018,SA24,2416,1,dry,ES,0.98808479,1,SA24_2416
2018,SA24,2416,2,dry,ES,0.76787141,1,SA24_2416
2018,SA24,2416,3,dry,ES,1.03856953,1,SA24_2416
2018,Hickory King,2417,1,dry,ES,0.54888356,2,Hickory King_2417
2018,Hickory King,2417,2,dry,ES,0.63005319,2,Hickory King_2417
2018,Hickory King,2417,3,dry,ES,0.40275219,2,Hickory King_2417
2018,GT112,2422,1,dry,LE,0.6074165,2,GT112_2422
2018,GT112,2422,2,dry,LE,0.5845097,1,GT112_2422
2018,GT112,2422,3,dry,LE,0.78583829,1,GT112_2422
2018,GT112,2422,4,dry,LE,0.1958,2,GT112_2422
2018,GT112,2422,5,dry,LE,0.31628896,2,GT112_2422
2018,CML373,2423,1,dry,LE,0.59515315,2,CML373_2423
2018,CML373,2423,2,dry,LE,0.71734831,2,CML373_2423
2018,CML373,2423,3,dry,LE,0.44991032,2,CML373_2423
2018,CML373,2423,4,dry,LE,0.64124727,2,CML373_2423
2018,CML373,2423,5,dry,LE,0.68441045,2,CML373_2423
2018,6M502,2428,1,dry,LE,0.84609652,2,6M502_2428
2018,6M502,2428,2,dry,LE,0.61915684,2,6M502_2428
2018,6M502,2428,3,dry,LE,0.74547087,2,6M502_2428
2018,6M502,2428,4,dry,LE,0.70684032,2,6M502_2428
2018,6M502,2428,5,dry,LE,0.75189933,2,6M502_2428
2018,Ki11,2429,1,dry,LE,0.65021203,2,Ki11_2429
2018,Ki11,2429,2,dry,LE,0.80219678,2,Ki11_2429
2018,Ki11,2429,3,dry,LE,0.57773831,2,Ki11_2429
2018,Ki11,2429,4,dry,LE,0.47329201,2,Ki11_2429
2018,Ki11,2429,5,dry,LE,0.81875076,2,Ki11_2429
2018,CML322,2431,1,dry,LE,0.77759986,2,CML322_2431
2018,CML322,2431,2,dry,LE,0.61484979,2,CML322_2431
2018,CML322,2431,3,dry,LE,0.57751234,2,CML322_2431
2018,CML322,2431,4,dry,LE,0.62369247,2,CML322_2431
2018,CML322,2431,5,dry,LE,0.66561388,2,CML322_2431
2018,CML341,2432,1,dry,LE,0.4773129,3,CML341_2432
2018,CML341,2432,2,dry,LE,0.60895748,2,CML341_2432
2018,CML341,2432,3,dry,LE,0.55564478,2,CML341_2432
2018,CML341,2432,4,dry,LE,0.73122399,2,CML341_2432
2018,CML341,2432,5,dry,LE,0.74054896,2,CML341_2432
2018,PHB47,2434,1,dry,LE,0.97458423,2,PHB47_2434
2018,PHB47,2434,2,dry,LE,0.68496208,1,PHB47_2434
2018,PHB47,2434,3,dry,LE,0.59869826,2,PHB47_2434
2018,PHB47,2434,4,dry,LE,0.63454812,2,PHB47_2434
2018,PHB47,2434,5,dry,LE,0.47362868,2,PHB47_2434
2018,CML333,2436,1,dry,LE,0.58279069,2,CML333_2436
2018,CML333,2436,2,dry,LE,0.51548801,3,CML333_2436
2018,CML333,2436,3,dry,LE,0.62479126,2,CML333_2436
2018,CML333,2436,4,dry,LE,0.602017,1,CML333_2436
2018,CML333,2436,5,dry,LE,0.77727003,2,CML333_2436
2018,Shoe Peg,2437,1,dry,LE,0.53372632,2,Shoe Peg_2437
2018,Shoe Peg,2437,2,dry,LE,0.40731808,3,Shoe Peg_2437
2018,Shoe Peg,2437,3,dry,LE,0.24136521,2,Shoe Peg_2437
2018,Shoe Peg,2437,4,dry,LE,0.46335312,2,Shoe Peg_2437
2018,Shoe Peg,2437,5,dry,LE,0.61442641,2,Shoe Peg_2437
2018,CML103,2439,1,dry,LE,0.64902676,2,CML103_2439
2018,CML103,2439,2,dry,LE,0.69798988,1,CML103_2439
2018,CML103,2439,3,dry,LE,0.51421112,1,CML103_2439
2018,CML103,2439,4,dry,LE,0.9795318,1,CML103_2439
2018,CML103,2439,5,dry,LE,0.4847936,2,CML103_2439
2018,CML258,2440,1,dry,LE,0.28328061,3,CML258_2440
2018,CML258,2440,2,dry,LE,0.53313899,2,CML258_2440
2018,CML258,2440,3,dry,LE,0.50436709,2,CML258_2440
2018,CML258,2440,4,dry,LE,0.50180132,2,CML258_2440
2018,CML258,2440,5,dry,LE,0.33075724,2,CML258_2440
2018,CML10,2441,1,dry,LE,0.73062764,2,CML10_2441
2018,CML10,2441,2,dry,LE,0.68600918,2,CML10_2441
2018,CML10,2441,3,dry,LE,0.42801036,2,CML10_2441
2018,CML10,2441,4,dry,LE,0.59018796,2,CML10_2441
2018,CML10,2441,5,dry,LE,0.50021164,2,CML10_2441
2018,Ms71,2442,1,dry,LE,0.51047897,2,Ms71_2442
2018,Ms71,2442,2,dry,LE,0.31488019,3,Ms71_2442
2018,Ms71,2442,3,dry,LE,0.44266746,2,Ms71_2442
2018,Ms71,2442,4,dry,LE,0.55823141,2,Ms71_2442
2018,Ms71,2442,5,dry,LE,0.42381047,2,Ms71_2442
2018,PHK46,2443,1,dry,LE,0.52869166,2,PHK46_2443
2018,PHK46,2443,2,dry,LE,0.28304969,2,PHK46_2443
2018,PHK46,2443,3,dry,LE,0.49201718,2,PHK46_2443
2018,PHK46,2443,4,dry,LE,0.46217787,2,PHK46_2443
2018,PHK46,2443,5,dry,LE,0.34778438,2,PHK46_2443
2018,CML247,2444,1,dry,LE,0.57929241,2,CML247_2444
2018,CML247,2444,2,dry,LE,0.60720254,2,CML247_2444
2018,CML247,2444,3,dry,LE,0.50193016,2,CML247_2444
2018,CML247,2444,4,dry,LE,0.71628236,2,CML247_2444
2018,CML247,2444,5,dry,LE,0.43736807,2,CML247_2444
2018,CML52,2445,1,dry,LE,0.89960643,2,CML52_2445
2018,CML52,2445,2,dry,LE,0.76989926,2,CML52_2445
2018,CML52,2445,3,dry,LE,0.76513957,2,CML52_2445
2018,CML52,2445,4,dry,LE,0.80292148,1,CML52_2445
2018,CML52,2445,5,dry,LE,0.53267539,2,CML52_2445
2018,Tzi8,2446,1,dry,LE,0.54099727,3,Tzi8_2446
2018,Tzi8,2446,2,dry,LE,0.63918832,2,Tzi8_2446
2018,Tzi8,2446,3,dry,LE,0.81886777,1,Tzi8_2446
2018,Tzi8,2446,4,dry,LE,0.83691421,2,Tzi8_2446
2018,Tzi8,2446,5,dry,LE,0.59022329,2,Tzi8_2446
2018,B73,2447,1,dry,LE,0.6471649,2,B73_2447
2018,B73,2447,2,dry,LE,0.60472119,2,B73_2447
2018,B73,2447,3,dry,LE,0.51134931,2,B73_2447
2018,B73,2447,4,dry,LE,0.6143381,2,B73_2447
2018,B73,2447,5,dry,LE,0.6360988,2,B73_2447
2018,Tzi8,2448,1,dry,LE,1.06457982,2,Tzi8_2448
2018,Tzi8,2448,2,dry,LE,0.91417492,2,Tzi8_2448
2018,Tzi8,2448,3,dry,LE,0.67812292,2,Tzi8_2448
2018,Tzi8,2448,4,dry,LE,0.74443111,2,Tzi8_2448
2018,Tzi8,2448,5,dry,LE,0.70695347,2,Tzi8_2448
2018,PHR58,2449,1,dry,LE,0.5405366,2,PHR58_2449
2018,PHR58,2449,2,dry,LE,0.68299316,2,PHR58_2449
2018,PHR58,2449,3,dry,LE,0.82233301,1,PHR58_2449
2018,PHR58,2449,4,dry,LE,0.5236073,2,PHR58_2449
2018,PHR58,2449,5,dry,LE,0.47738025,2,PHR58_2449
2019,CML258,1259,1,harvest,LE,0.46062131,3,CML258_1259
2019,CML258,1259,2,harvest,LE,0.34977005,3,CML258_1259
2019,CML258,1259,3,harvest,LE,0.44909883,3,CML258_1259
2019,CML258,1259,4,harvest,LE,0.58688469,2,CML258_1259
2019,CML258,1259,5,harvest,LE,0.63926459,3,CML258_1259
2019,CML258,1259,6,harvest,LE,0.32830192,3,CML258_1259
2019,CML258,1259,7,harvest,LE,0.41117597,3,CML258_1259
2019,CML258,1259,8,harvest,LE,0.71502122,3,CML258_1259
2019,CML258,1259,9,harvest,LE,0.47309966,3,CML258_1259
2019,CML258,1259,10,harvest,LE,0.28359003,3,CML258_1259
2019,PHR58,1260,1,harvest,LE,0.54293375,3,PHR58_1260
2019,PHR58,1260,3,harvest,LE,0.02824387,2,PHR58_1260
2019,PHR58,1260,4,harvest,LE,0.31411968,2,PHR58_1260
2019,PHR58,1260,5,harvest,LE,0.67870885,1,PHR58_1260
2019,PHR58,1260,6,harvest,LE,0.47811779,2,PHR58_1260
2019,PHR58,1260,7,harvest,LE,0.62224444,2,PHR58_1260
2019,PHR58,1260,8,harvest,LE,0.87220417,1,PHR58_1260
2019,PHR58,1260,9,harvest,LE,0.82335468,1,PHR58_1260
2019,PHR58,1260,10,harvest,LE,0.83099579,2,PHR58_1260
2019,PHR58,1260,11,harvest,LE,0.44514806,2,PHR58_1260
2019,PHR58,1260,12,harvest,LE,0.51411229,2,PHR58_1260
2019,LH252,1261,1,harvest,LE,0.77074382,1,LH252_1261
2019,LH252,1261,2,harvest,LE,0.55806576,1,LH252_1261
2019,LH252,1261,3,harvest,LE,0.21828645,2,LH252_1261
2019,LH252,1261,4,harvest,LE,0.72567881,2,LH252_1261
2019,LH252,1261,5,harvest,LE,0.46915865,2,LH252_1261
2019,B104,1262,1,harvest,LE,0.92945641,3,B104_1262
2019,B104,1262,2,harvest,LE,0.46121291,3,B104_1262
2019,B104,1262,3,harvest,LE,0.65450131,2,B104_1262
2019,B104,1262,4,harvest,LE,0.59976746,3,B104_1262
2019,B104,1262,5,harvest,LE,0.45327714,2,B104_1262
2019,B104,1262,6,harvest,LE,0.84869748,3,B104_1262
2019,B104,1262,7,harvest,LE,0.68928019,3,B104_1262
2019,B104,1262,8,harvest,LE,0.72179494,3,B104_1262
2019,B104,1262,9,harvest,LE,0.26644631,3,B104_1262
2019,B104,1262,10,harvest,LE,0.85528063,2,B104_1262
2019,B104,1262,11,harvest,LE,0.65900567,2,B104_1262
2019,B104,1262,12,harvest,LE,0.8723557,2,B104_1262
2019,B104,1262,13,harvest,LE,0.74365517,2,B104_1262
2019,B104,1262,14,harvest,LE,0.45522666,3,B104_1262
2019,B104,1262,15,harvest,LE,0.75680099,3,B104_1262
2019,B104,1262,16,harvest,LE,0.80220386,3,B104_1262
2019,M162W,1263,1,harvest,LE,0.64278218,2,M162W_1263
2019,M162W,1263,2,harvest,LE,0.90364509,1,M162W_1263
2019,M162W,1263,3,harvest,LE,0.62166086,2,M162W_1263
2019,M162W,1263,4,harvest,LE,0.67989801,2,M162W_1263
2019,M162W,1263,5,harvest,LE,0.35321354,2,M162W_1263
2019,M162W,1263,6,harvest,LE,0.69638749,2,M162W_1263
2019,M162W,1263,7,harvest,LE,0.64661732,2,M162W_1263
2019,M162W,1263,8,harvest,LE,0.86549415,1,M162W_1263
2019,M162W,1263,9,harvest,LE,0.49819633,2,M162W_1263
2019,M162W,1263,10,harvest,LE,0.5711543,2,M162W_1263
2019,M162W,1263,11,harvest,LE,0.84867394,2,M162W_1263
2019,M162W,1263,13,harvest,LE,0.58033702,2,M162W_1263
2019,CML277,1264,1,harvest,LE,0.43226011,3,CML277_1264
2019,CML277,1264,2,harvest,LE,0.65924572,2,CML277_1264
2019,CML277,1264,3,harvest,LE,0.81629636,1,CML277_1264
2019,CML277,1264,4,harvest,LE,0.78301339,1,CML277_1264
2019,CML277,1264,5,harvest,LE,0.98453948,1,CML277_1264
2019,CML277,1264,6,harvest,LE,0.77666103,2,CML277_1264
2019,CML277,1264,7,harvest,LE,0.61770158,1,CML277_1264
2019,CML277,1264,8,harvest,LE,0.77749011,1,CML277_1264
2019,CML277,1264,9,harvest,LE,0.84725949,2,CML277_1264
2019,CML277,1264,10,harvest,LE,0.22878486,3,CML277_1264
2019,Tx303,1265,1,harvest,LE,0.60363725,2,Tx303_1265
2019,Tx303,1265,2,harvest,LE,0.28290514,2,Tx303_1265
2019,Tx303,1265,3,harvest,LE,0.69525242,1,Tx303_1265
2019,Tx303,1265,4,harvest,LE,0.397082,2,Tx303_1265
2019,Tx303,1265,5,harvest,LE,0.52547799,2,Tx303_1265
2019,Tx303,1265,6,harvest,LE,0.51152836,2,Tx303_1265
2019,Tx303,1265,7,harvest,LE,0.92678838,2,Tx303_1265
2019,Tx303,1265,8,harvest,LE,0.57134005,1,Tx303_1265
2019,Tx303,1265,9,harvest,LE,0.66429675,1,Tx303_1265
2019,Tx303,1265,10,harvest,LE,0.57663694,1,Tx303_1265
2019,Tx303,1265,11,harvest,LE,0.35788871,2,Tx303_1265
2019,CML228,1266,1,harvest,LE,0.64609344,2,CML228_1266
2019,CML228,1266,2,harvest,LE,0.60112566,2,CML228_1266
2019,CML228,1266,3,harvest,LE,0.82330088,2,CML228_1266
2019,CML228,1266,4,harvest,LE,0.74160993,2,CML228_1266
2019,CML228,1266,5,harvest,LE,0.83849958,1,CML228_1266
2019,CML228,1266,6,harvest,LE,1.01758319,1,CML228_1266
2019,CML228,1266,7,harvest,LE,0.75638591,2,CML228_1266
2019,CML228,1266,8,harvest,LE,0.86012798,2,CML228_1266
2019,CML228,1266,11,harvest,LE,0.57461692,2,CML228_1266
2019,CML228,1266,12,harvest,LE,0.72164453,2,CML228_1266
2019,CML228,1266,13,harvest,LE,0.53129553,3,CML228_1266
2019,CML228,1266,14,harvest,LE,0.75702302,2,CML228_1266
2019,CML228,1266,15,harvest,LE,0.66610745,2,CML228_1266
2019,Oh43,1267,1,harvest,LE,0.70542563,1,Oh43_1267
2019,Oh43,1267,2,harvest,LE,0.60301952,1,Oh43_1267
2019,Oh43,1267,3,harvest,LE,0.61681657,1,Oh43_1267
2019,Oh43,1267,4,harvest,LE,0.53703578,2,Oh43_1267
2019,Oh43,1267,5,harvest,LE,0.76116395,1,Oh43_1267
2019,Oh43,1267,6,harvest,LE,0.63640865,2,Oh43_1267
2019,Oh43,1267,7,harvest,LE,0.6920036,1,Oh43_1267
2019,Mo17,1268,1,harvest,LE,0.50401975,2,Mo17_1268
2019,Mo17,1268,2,harvest,LE,0.38463073,2,Mo17_1268
2019,Mo17,1268,3,harvest,LE,0.52323867,2,Mo17_1268
2019,CML322,1269,1,harvest,LE,0.62473379,3,CML322_1269
2019,Tzi8,1270,1,harvest,LE,0.44828819,3,Tzi8_1270
2019,Tzi8,1270,3,harvest,LE,0.43374381,3,Tzi8_1270
2019,Tzi8,1270,4,harvest,LE,0.72831756,2,Tzi8_1270
2019,Tzi8,1270,5,harvest,LE,0.69473913,2,Tzi8_1270
2019,Tzi8,1270,6,harvest,LE,0.73426058,3,Tzi8_1270
2019,Tzi8,1270,7,harvest,LE,0.60637804,2,Tzi8_1270
2019,Tzi8,1270,8,harvest,LE,0.78745329,2,Tzi8_1270
2019,Tzi8,1270,9,harvest,LE,0.53073108,2,Tzi8_1270
2019,Tzi8,1270,10,harvest,LE,0.87304074,2,Tzi8_1270
2019,Tzi8,1270,11,harvest,LE,0.57897579,2,Tzi8_1270
2019,Tzi8,1270,12,harvest,LE,0.67462084,3,Tzi8_1270
2019,Tzi8,1270,13,harvest,LE,0.66421272,3,Tzi8_1270
2019,Tzi8,1270,14,harvest,LE,0.50624335,3,Tzi8_1270
2019,CML103,1271,1,harvest,LE,0.38953246,3,CML103_1271
2019,CML103,1271,2,harvest,LE,0.51140642,2,CML103_1271
2019,CML103,1271,3,harvest,LE,0.64753406,2,CML103_1271
2019,CML103,1271,4,harvest,LE,0.82091754,2,CML103_1271
2019,CML103,1271,5,harvest,LE,0.50855061,2,CML103_1271
2019,CML103,1271,6,harvest,LE,0.72405661,2,CML103_1271
2019,CML103,1271,7,harvest,LE,0.61758021,2,CML103_1271
2019,CML103,1271,8,harvest,LE,0.55925823,2,CML103_1271
2019,CML103,1271,10,harvest,LE,0.57194212,2,CML103_1271
2019,CML103,1271,11,harvest,LE,0.56684443,2,CML103_1271
2019,CML103,1271,12,harvest,LE,0.74432245,2,CML103_1271
2019,CML103,1271,13,harvest,LE,0.48678496,2,CML103_1271
2019,W64A,1273,1,harvest,LE,0.1906063,3,W64A_1273
2019,W64A,1273,2,harvest,LE,0.47613536,3,W64A_1273
2019,W64A,1273,3,harvest,LE,0.42696303,3,W64A_1273
2019,W64A,1273,4,harvest,LE,0.65463383,2,W64A_1273
2019,W64A,1273,5,harvest,LE,0.36499748,3,W64A_1273
2019,W64A,1273,6,harvest,LE,0.24640799,3,W64A_1273
2019,W64A,1273,7,harvest,LE,0.47036341,3,W64A_1273
2019,W64A,1273,8,harvest,LE,0.49165049,3,W64A_1273
2019,W64A,1273,9,harvest,LE,0.70283481,2,W64A_1273
2019,W64A,1273,10,harvest,LE,0.72760372,2,W64A_1273
2019,W64A,1273,11,harvest,LE,0.46456067,3,W64A_1273
2019,LH123Ht,1276,1,harvest,LE,0.49762708,2,LH123Ht_1276
2019,LH123Ht,1276,2,harvest,LE,0.65951856,2,LH123Ht_1276
2019,LH123Ht,1276,3,harvest,LE,0.66579228,2,LH123Ht_1276
2019,LH123Ht,1276,4,harvest,LE,0.83734429,2,LH123Ht_1276
2019,LH123Ht,1276,5,harvest,LE,0.38383135,2,LH123Ht_1276
2019,LH123Ht,1276,6,harvest,LE,0.4174235,2,LH123Ht_1276
2019,LH123Ht,1276,7,harvest,LE,0.58456077,2,LH123Ht_1276
2019,LH123Ht,1276,8,harvest,LE,0.46498414,2,LH123Ht_1276
2019,LH123Ht,1276,9,harvest,LE,0.79253379,2,LH123Ht_1276
2019,LH123Ht,1276,10,harvest,LE,0.77660088,2,LH123Ht_1276
2019,LH123Ht,1276,11,harvest,LE,0.55581282,2,LH123Ht_1276
2019,LH123Ht,1276,12,harvest,LE,0.35872077,2,LH123Ht_1276
2019,LH123Ht,1276,13,harvest,LE,0.20193013,2,LH123Ht_1276
2019,LH123Ht,1276,14,harvest,LE,0.57167672,2,LH123Ht_1276
2019,LH123Ht,1276,15,harvest,LE,0.71914744,2,LH123Ht_1276
2019,LH123Ht,1276,16,harvest,LE,0.64040544,2,LH123Ht_1276
2019,PHK46,1277,1,harvest,AS,0.66231198,2,PHK46_1277
2019,PHK46,1277,2,harvest,AS,0.59466803,2,PHK46_1277
2019,PHK46,1277,3,harvest,AS,0.32763546,3,PHK46_1277
2019,PHK46,1277,4,harvest,AS,0.46769931,3,PHK46_1277
2019,PHK46,1277,5,harvest,AS,0.53140987,2,PHK46_1277
2019,PHK46,1277,6,harvest,AS,0.47972224,3,PHK46_1277
2019,PHK46,1277,7,harvest,AS,0.51349032,2,PHK46_1277
2019,PHK46,1277,8,harvest,AS,0.530863,2,PHK46_1277
2019,PHK46,1277,9,harvest,AS,0.77846551,2,PHK46_1277
2019,PHK46,1277,10,harvest,AS,0.39937214,3,PHK46_1277
2019,PHK46,1277,11,harvest,AS,0.4401218,2,PHK46_1277
2019,PHK46,1277,12,harvest,AS,0.65946878,2,PHK46_1277
2019,PHK46,1277,13,harvest,AS,0.50771491,2,PHK46_1277
2019,Hp301,1278,1,harvest,NO,0.04708339,2,Hp301_1278
2019,Hp301,1278,2,harvest,NO,0.44744759,2,Hp301_1278
2019,Hp301,1278,3,harvest,NO,0.60066945,1,Hp301_1278
2019,Hp301,1278,4,harvest,NO,0.70159064,1,Hp301_1278
2019,Hp301,1278,5,harvest,NO,0.60738346,1,Hp301_1278
2019,Hp301,1278,6,harvest,NO,0.62426079,2,Hp301_1278
2019,Hp301,1278,7,harvest,NO,0.4601523,2,Hp301_1278
2019,Hp301,1278,8,harvest,NO,0.54180355,2,Hp301_1278
2019,Hp301,1278,9,harvest,NO,0.89671508,1,Hp301_1278
2019,Hp301,1278,10,harvest,NO,1.03826476,2,Hp301_1278
2019,NC350,1279,1,harvest,LE,0.83248458,2,NC350_1279
2019,NC350,1279,2,harvest,LE,0.81741585,1,NC350_1279
2019,NC350,1279,3,harvest,LE,0.72312466,1,NC350_1279
2019,NC350,1279,4,harvest,LE,0.96544242,1,NC350_1279
2019,NC350,1279,5,harvest,LE,0.95445134,1,NC350_1279
2019,NC350,1279,6,harvest,LE,0.78378037,2,NC350_1279
2019,NC350,1279,7,harvest,LE,0.74790171,1,NC350_1279
2019,R84,1280,1,harvest,LE,0.69566322,2,R84_1280
2019,R84,1280,2,harvest,LE,0.83810296,1,R84_1280
2019,R84,1280,3,harvest,LE,0.14942526,2,R84_1280
2019,R84,1280,4,harvest,LE,0.5355081,2,R84_1280
2019,R84,1280,5,harvest,LE,0.56039271,2,R84_1280
2019,R84,1280,6,harvest,LE,0.63237002,2,R84_1280
2019,R84,1280,7,harvest,LE,0.6950782,2,R84_1280
2019,R84,1280,8,harvest,LE,0.64223227,2,R84_1280
2019,R84,1280,9,harvest,LE,0.5304873,2,R84_1280
2019,R84,1280,10,harvest,LE,0.65426624,2,R84_1280
2019,R84,1280,11,harvest,LE,0.47947183,2,R84_1280
2019,R84,1280,12,harvest,LE,0.31358916,2,R84_1280
2019,R84,1280,13,harvest,LE,0.23694026,2,R84_1280
2019,R84,1280,14,harvest,LE,0.50414642,2,R84_1280
2019,A632,1282,1,harvest,NO,0.48908544,2,A632_1282
2019,A632,1282,2,harvest,NO,0.68172179,2,A632_1282
2019,A632,1282,3,harvest,NO,0.53035698,2,A632_1282
2019,A632,1282,4,harvest,NO,0.35436191,2,A632_1282
2019,A632,1282,5,harvest,NO,0.65940584,2,A632_1282
2019,A632,1282,6,harvest,NO,0.75726417,1,A632_1282
2019,A632,1282,7,harvest,NO,0.90290718,2,A632_1282
2019,A632,1282,8,harvest,NO,0.70854339,2,A632_1282
2019,Ms71,1283,1,harvest,ES,0.82304641,1,Ms71_1283
2019,Ms71,1283,2,harvest,ES,0.79030369,1,Ms71_1283
2019,Ms71,1283,3,harvest,ES,0.59756957,2,Ms71_1283
2019,Ms71,1283,4,harvest,ES,0.72686769,2,Ms71_1283
2019,Ms71,1283,5,harvest,ES,0.37333044,2,Ms71_1283
2019,Ms71,1283,6,harvest,ES,0.68954451,2,Ms71_1283
2019,Ms71,1283,7,harvest,ES,0.81091589,1,Ms71_1283
2019,Ms71,1283,8,harvest,ES,0.35315084,3,Ms71_1283
2019,LH211,1284,1,harvest,AS,0.36334759,3,LH211_1284
2019,LH211,1284,2,harvest,AS,0.36963802,3,LH211_1284
2019,LH211,1284,3,harvest,AS,0.65569002,2,LH211_1284
2019,LH211,1284,4,harvest,AS,0.49986848,2,LH211_1284
2019,LH211,1284,5,harvest,AS,0.45020821,2,LH211_1284
2019,LH211,1284,6,harvest,AS,0.31196245,2,LH211_1284
2019,LH211,1284,7,harvest,AS,0.62624575,2,LH211_1284
2019,LH211,1284,8,harvest,AS,0.44577488,2,LH211_1284
2019,LH211,1284,9,harvest,AS,0.73818542,2,LH211_1284
2019,LH211,1284,10,harvest,AS,0.44117915,2,LH211_1284
2019,LH211,1284,11,harvest,AS,0.56518727,2,LH211_1284
2019,LH211,1284,12,harvest,AS,0.49602679,2,LH211_1284
2019,LH211,1284,13,harvest,AS,0.44881126,2,LH211_1284
2019,LH211,1284,14,harvest,AS,0.47173392,3,LH211_1284
2019,LH211,1284,15,harvest,AS,0.29148338,3,LH211_1284
2019,SA24,1285,1,harvest,ES,0.80753773,2,SA24_1285
2019,SA24,1285,2,harvest,ES,0.56481464,2,SA24_1285
2019,SA24,1285,3,harvest,ES,0.86406659,1,SA24_1285
2019,SA24,1285,5,harvest,ES,0.92883768,1,SA24_1285
2019,SA24,1285,6,harvest,ES,0.94555206,1,SA24_1285
2019,SA24,1285,8,harvest,ES,0.69304654,1,SA24_1285
2019,SA24,1285,9,harvest,ES,1.01278583,1,SA24_1285
2019,SA24,1285,10,harvest,ES,0.95000566,1,SA24_1285
2019,SA24,1285,11,harvest,ES,1.01493606,1,SA24_1285
2019,SA24,1285,12,harvest,ES,0.85539145,1,SA24_1285
2019,SA24,1285,13,harvest,ES,0.92488413,1,SA24_1285
2019,SA24,1285,14,harvest,ES,0.88224624,1,SA24_1285
2019,Ky21,1286,1,harvest,NO,0.87141799,2,Ky21_1286
2019,Ky21,1286,2,harvest,NO,0.87461324,2,Ky21_1286
2019,Ky21,1286,3,harvest,NO,0.88654564,2,Ky21_1286
2019,Ky21,1286,5,harvest,NO,0.65431797,3,Ky21_1286
2019,Ky21,1286,6,harvest,NO,0.66560407,2,Ky21_1286
2019,Ky21,1286,7,harvest,NO,0.89360907,2,Ky21_1286
2019,Ky21,1286,8,harvest,NO,0.98336559,2,Ky21_1286
2019,2369,1287,1,harvest,LE,0.57647729,2,2369_1287
2019,2369,1287,2,harvest,LE,0.71257099,2,2369_1287
2019,2369,1287,3,harvest,LE,0.65818835,2,2369_1287
2019,2369,1287,4,harvest,LE,0.78941566,2,2369_1287
2019,2369,1287,5,harvest,LE,0.86681491,2,2369_1287
2019,2369,1287,6,harvest,LE,0.54181478,2,2369_1287
2019,2369,1287,7,harvest,LE,0.78772601,1,2369_1287
2019,2369,1287,8,harvest,LE,0.96766162,2,2369_1287
2019,2369,1287,9,harvest,LE,0.71690873,2,2369_1287
2019,2369,1287,10,harvest,LE,0.90834518,2,2369_1287
2019,2369,1287,11,harvest,LE,0.91789396,2,2369_1287
2019,2369,1287,12,harvest,LE,0.70233035,2,2369_1287
2019,2369,1287,13,harvest,LE,0.78257823,1,2369_1287
2019,2369,1287,14,harvest,LE,0.72788459,2,2369_1287
2019,2369,1287,15,harvest,LE,0.63634727,2,2369_1287
2019,2369,1287,16,harvest,LE,0.23134391,3,2369_1287
2019,W64A,1288,1,harvest,LE,0.56408493,2,W64A_1288
2019,W64A,1288,2,harvest,LE,0.47268895,2,W64A_1288
2019,W64A,1288,3,harvest,LE,0.76796519,2,W64A_1288
2019,W64A,1288,4,harvest,LE,0.64308431,2,W64A_1288
2019,W64A,1288,5,harvest,LE,0.6814384,2,W64A_1288
2019,W64A,1288,6,harvest,LE,0.90784616,2,W64A_1288
2019,W64A,1288,7,harvest,LE,0.64623109,2,W64A_1288
2019,W64A,1288,8,harvest,LE,0.43276956,2,W64A_1288
2019,W64A,1288,9,harvest,LE,0.75592942,2,W64A_1288
2019,W64A,1288,10,harvest,LE,0.84177748,2,W64A_1288
2019,W64A,1288,11,harvest,LE,0.94878469,2,W64A_1288
2019,W64A,1288,12,harvest,LE,0.74244169,2,W64A_1288
2019,Ki3,1289,1,harvest,LE,0.49362895,3,Ki3_1289
2019,Ki3,1289,2,harvest,LE,0.85611254,2,Ki3_1289
2019,Ki3,1289,3,harvest,LE,0.490273848,2,Ki3_1289
2019,Ki3,1289,4,harvest,LE,0.42770449,3,Ki3_1289
2019,CML373,1290,1,harvest,LE,0.6015669,3,CML373_1290
2019,CML373,1290,2,harvest,LE,0.63683678,3,CML373_1290
2019,CML373,1290,3,harvest,LE,0.46333807,3,CML373_1290
2019,CML373,1290,4,harvest,LE,0.64579147,3,CML373_1290
2019,CML373,1290,5,harvest,LE,0.61463344,3,CML373_1290
2019,CML373,1290,6,harvest,LE,0.89519152,2,CML373_1290
2019,CML373,1290,7,harvest,LE,0.65776575,2,CML373_1290
2019,CML373,1290,8,harvest,LE,0.67997471,2,CML373_1290
2019,CML373,1290,9,harvest,LE,0.87576485,2,CML373_1290
2019,CML373,1290,10,harvest,LE,0.6508624,2,CML373_1290
2019,CML373,1290,11,harvest,LE,0.79386598,2,CML373_1290
2019,CML373,1290,12,harvest,LE,0.48507311,3,CML373_1290
2019,6M502,1293,1,harvest,NO,0.73667599,2,6M502_1293
2019,6M502,1293,2,harvest,NO,0.47912176,2,6M502_1293
2019,6M502,1293,3,harvest,NO,0.97762219,1,6M502_1293
2019,6M502,1293,5,harvest,NO,0.70299208,2,6M502_1293
2019,6M502,1293,6,harvest,NO,0.31122847,2,6M502_1293
2019,6M502,1293,7,harvest,NO,0.68491065,2,6M502_1293
2019,6M502,1293,8,harvest,NO,0.64203507,2,6M502_1293
2019,6M502,1293,9,harvest,NO,0.53531181,2,6M502_1293
2019,6M502,1293,10,harvest,NO,0.33850921,2,6M502_1293
2019,6M502,1293,11,harvest,NO,0.64073822,2,6M502_1293
2019,6M502,1293,12,harvest,NO,0.48774218,2,6M502_1293
2019,6M502,1293,13,harvest,NO,0.69081734,3,6M502_1293
2019,6M502,1293,14,harvest,NO,0.47352462,2,6M502_1293
2019,Mo18W,1294,1,harvest,LE,0.24814232,4,Mo18W_1294
2019,Mo18W,1294,2,harvest,LE,0.50849127,3,Mo18W_1294
2019,Mo18W,1294,3,harvest,LE,0.61972638,3,Mo18W_1294
2019,Mo18W,1294,4,harvest,LE,0.70155142,2,Mo18W_1294
2019,Mo18W,1294,5,harvest,LE,0.71682166,3,Mo18W_1294
2019,Mo18W,1294,6,harvest,LE,0.53414196,2,Mo18W_1294
2019,Mo18W,1294,7,harvest,LE,0.61922481,3,Mo18W_1294
2019,Mo18W,1294,8,harvest,LE,0.69836481,2,Mo18W_1294
2019,Mo18W,1294,9,harvest,LE,0.58797239,3,Mo18W_1294
2019,Mo18W,1294,10,harvest,LE,0.55075024,3,Mo18W_1294
2019,Mo18W,1294,11,harvest,LE,0.50324746,3,Mo18W_1294
2019,Mo18W,1294,12,harvest,LE,0.33273252,3,Mo18W_1294
2019,Mo18W,1294,13,harvest,LE,0.48576375,3,Mo18W_1294
2019,Mo18W,1294,14,harvest,LE,0.54600439,3,Mo18W_1294
2019,PHB47,1296,1,harvest,NO,0.47180768,1,PHB47_1296
2019,PHB47,1296,2,harvest,NO,0.49440243,1,PHB47_1296
2019,PHB47,1296,3,harvest,NO,0.89941581,1,PHB47_1296
2019,PHB47,1296,5,harvest,NO,0.38000761,1,PHB47_1296
2019,PHB47,1296,6,harvest,NO,0.46511446,1,PHB47_1296
2019,PHB47,1296,7,harvest,NO,0.4688431,1,PHB47_1296
2019,PHB47,1296,8,harvest,NO,0.62720844,1,PHB47_1296
2019,PHB47,1296,9,harvest,NO,0.60758788,1,PHB47_1296
2019,PHB47,1296,10,harvest,NO,0.53967025,1,PHB47_1296
2019,PHB47,1296,11,harvest,NO,0.48677141,1,PHB47_1296
2019,PHB47,1296,12,harvest,NO,0.653951,1,PHB47_1296
2019,CML277,1297,1,harvest,LE,0.27308776,3,CML277_1297
2019,CML277,1297,2,harvest,LE,0.22732009,3,CML277_1297
2019,CML277,1297,5,harvest,LE,0.67390522,2,CML277_1297
2019,CML277,1297,6,harvest,LE,0.97345126,1,CML277_1297
2019,CML277,1297,8,harvest,LE,0.56006186,2,CML277_1297
2019,CML277,1297,10,harvest,LE,0.69318081,2,CML277_1297
2019,CML277,1297,11,harvest,LE,0.63307137,2,CML277_1297
2019,Shoe Peg,1298,1,harvest,LE,0.32014773,3,Shoe Peg_1298
2019,Shoe Peg,1298,2,harvest,LE,0.28756779,3,Shoe Peg_1298
2019,Shoe Peg,1298,3,harvest,LE,0.54133521,3,Shoe Peg_1298
2019,Shoe Peg,1298,4,harvest,LE,0.63589417,2,Shoe Peg_1298
2019,Shoe Peg,1298,5,harvest,LE,0.6986222,1,Shoe Peg_1298
2019,CML10,1300,1,harvest,LE,0.54394912,3,CML10_1300
2019,CML10,1300,3,harvest,LE,1.050681,2,CML10_1300
2019,CML10,1300,4,harvest,LE,0.70762138,1,CML10_1300
2019,CML10,1300,5,harvest,LE,0.94532797,1,CML10_1300
2019,CML10,1300,9,harvest,LE,0.82053341,1,CML10_1300
2019,CML10,1300,10,harvest,LE,0.4640325,2,CML10_1300
2019,CML10,1300,11,harvest,LE,0.84445311,1,CML10_1300
2019,CML10,1300,12,harvest,LE,0.50374688,3,CML10_1300
2019,PHHB4,1301,1,harvest,LE,0.533019,2,PHHB4_1301
2019,PHHB4,1301,2,harvest,LE,0.27661083,2,PHHB4_1301
2019,PHHB4,1301,3,harvest,NO,0.31821238,2,PHHB4_1301
2019,PHHB4,1301,4,harvest,NO,0.2572639,2,PHHB4_1301
2019,PHHB4,1301,5,harvest,NO,0.06063682,2,PHHB4_1301
2019,PHHB4,1301,6,harvest,NO,0.58627866,2,PHHB4_1301
2019,PHHB4,1301,7,harvest,NO,0.56330291,2,PHHB4_1301
2019,PHHB4,1301,8,harvest,NO,0.05064705,2,PHHB4_1301
2019,PHHB4,1301,9,harvest,NO,0.34430012,2,PHHB4_1301
2019,PHHB4,1301,10,harvest,NO,0.25909944,2,PHHB4_1301
2019,PHHB4,1301,11,harvest,NO,0.50571261,2,PHHB4_1301
2019,PHHB4,1301,12,harvest,NO,0.58639402,2,PHHB4_1301
2019,B97,1302,1,harvest,AS,0.76088775,2,B97_1302
2019,B97,1302,2,harvest,AS,0.42931949,3,B97_1302
2019,B97,1302,3,harvest,AS,0.50224096,2,B97_1302
2019,B97,1302,5,harvest,AS,0.51018169,2,B97_1302
2019,B97,1302,6,harvest,AS,0.65893711,2,B97_1302
2019,B97,1302,7,harvest,AS,0.59414706,2,B97_1302
2019,B97,1302,8,harvest,AS,0.76175931,1,B97_1302
2019,B97,1302,9,harvest,AS,0.81046808,1,B97_1302
2019,B97,1302,10,harvest,AS,0.66122588,1,B97_1302
2019,B97,1302,11,harvest,AS,0.53417422,2,B97_1302
2019,Ky21,1303,1,harvest,NO,0.71520837,2,Ky21_1303
2019,Ky21,1303,2,harvest,NO,0.92952084,2,Ky21_1303
2019,Ky21,1303,3,harvest,NO,0.70922582,2,Ky21_1303
2019,Ky21,1303,4,harvest,NO,0.79176801,2,Ky21_1303
2019,Ky21,1303,5,harvest,NO,0.73499423,2,Ky21_1303
2019,Ky21,1303,6,harvest,NO,0.83976868,2,Ky21_1303
2019,Ky21,1303,7,harvest,NO,0.85101475,2,Ky21_1303
2019,Ky21,1303,8,harvest,NO,0.84642661,2,Ky21_1303
2019,Ky21,1303,9,harvest,NO,0.97669042,2,Ky21_1303
2019,Ky21,1303,10,harvest,NO,0.85127199,2,Ky21_1303
2019,M37W,1304,1,harvest,LE,0.45643834,2,M37W_1304
2019,M37W,1304,3,harvest,LE,0.4704334,2,M37W_1304
2019,M37W,1304,4,harvest,LE,0.76884567,2,M37W_1304
2019,M37W,1304,5,harvest,LE,0.42128004,2,M37W_1304
2019,M37W,1304,6,harvest,LE,0.84081516,2,M37W_1304
2019,M37W,1304,7,harvest,LE,0.85672718,1,M37W_1304
2019,M37W,1304,8,harvest,LE,0.65173182,2,M37W_1304
2019,M37W,1304,9,harvest,LE,1.00956572,1,M37W_1304
2019,M37W,1304,10,harvest,LE,0.86975331,1,M37W_1304
2019,M37W,1304,11,harvest,LE,0.79844487,2,M37W_1304
2019,M37W,1304,12,harvest,LE,0.50615219,2,M37W_1304
2019,M37W,1304,13,harvest,LE,1.09138175,1,M37W_1304
2019,L163,1305,1,harvest,NO,0.55689136,3,L163_1305
2019,L163,1305,2,harvest,NO,0.62697927,2,L163_1305
2019,L163,1305,3,harvest,NO,1.12782454,1,L163_1305
2019,L163,1305,4,harvest,NO,0.72675035,1,L163_1305
2019,L163,1305,5,harvest,NO,0.81945261,2,L163_1305
2019,L163,1305,6,harvest,NO,0.50958744,2,L163_1305
2019,L163,1305,7,harvest,NO,0.74941134,2,L163_1305
2019,L163,1305,8,harvest,NO,0.47508489,2,L163_1305
2019,L163,1305,9,harvest,NO,0.54687233,2,L163_1305
2019,L163,1305,10,harvest,NO,0.95861453,1,L163_1305
2019,L163,1305,11,harvest,NO,0.93709369,1,L163_1305
2019,L163,1305,12,harvest,NO,0.54552806,2,L163_1305
2019,L163,1305,13,harvest,NO,0.7453483,2,L163_1305
2019,CML69,1307,1,harvest,LE,0.66785625,2,CML69_1307
2019,CML69,1307,2,harvest,LE,0.70775758,2,CML69_1307
2019,CML69,1307,3,harvest,LE,1.05343936,2,CML69_1307
2019,CML69,1307,4,harvest,LE,0.64187495,2,CML69_1307
2019,CML69,1307,5,harvest,LE,0.79657851,2,CML69_1307
2019,CML69,1307,6,harvest,LE,0.65793195,2,CML69_1307
2019,CML69,1307,7,harvest,LE,0.56317233,2,CML69_1307
2019,CML69,1307,8,harvest,LE,0.69352183,2,CML69_1307
2019,CML69,1307,9,harvest,LE,0.649142,2,CML69_1307
2019,CML69,1307,10,harvest,LE,0.9047322,2,CML69_1307
2019,CML69,1307,11,harvest,LE,0.95157408,1,CML69_1307
2019,CML69,1307,12,harvest,LE,0.82618536,2,CML69_1307
2019,CML341,1308,1,harvest,LE,0.58362426,2,CML341_1308
2019,CML341,1308,2,harvest,LE,0.88328541,1,CML341_1308
2019,CML341,1308,3,harvest,LE,0.68973307,2,CML341_1308
2019,CML341,1308,4,harvest,LE,1.14194637,1,CML341_1308
2019,CML341,1308,5,harvest,LE,0.95916959,2,CML341_1308
2019,CML341,1308,6,harvest,LE,0.63323138,2,CML341_1308
2019,CML341,1308,7,harvest,LE,0.44155018,2,CML341_1308
2019,CML341,1308,8,harvest,LE,1.04458465,1,CML341_1308
2019,CML341,1308,9,harvest,LE,0.97047036,1,CML341_1308
2019,CML341,1308,10,harvest,LE,0.51521505,2,CML341_1308
2019,CML341,1308,11,harvest,LE,0.63545741,2,CML341_1308
2019,CML341,1308,12,harvest,LE,0.83200835,2,CML341_1308
2019,CML341,1308,13,harvest,LE,0.55654933,2,CML341_1308
2019,CML341,1308,14,harvest,LE,0.80053521,2,CML341_1308
2019,CML341,1308,15,harvest,LE,0.57238741,2,CML341_1308
2019,CML341,1308,16,harvest,LE,0.53166052,2,CML341_1308
2019,CML341,1308,17,harvest,LE,0.6302204,2,CML341_1308
2019,CML341,1308,18,harvest,LE,0.45989324,3,CML341_1308
2019,F118,1309,1,harvest,LE,0.5480209,3,F118_1309
2019,F118,1309,2,harvest,LE,0.87378997,2,F118_1309
2019,F118,1309,3,harvest,LE,0.73448721,3,F118_1309
2019,F118,1309,4,harvest,LE,0.42825376,2,F118_1309
2019,F118,1309,5,harvest,LE,0.84285943,1,F118_1309
2019,F118,1309,6,harvest,LE,0.4936105,3,F118_1309
2019,F118,1309,7,harvest,LE,0.77582158,2,F118_1309
2019,F118,1309,8,harvest,LE,0.62800561,2,F118_1309
2019,Ki11,1310,1,harvest,LE,0.86511226,2,Ki11_1310
2019,Ki11,1310,2,harvest,LE,0.6340188,2,Ki11_1310
2019,Ki11,1310,3,harvest,LE,0.85273801,1,Ki11_1310
2019,Ki11,1310,4,harvest,LE,0.88811516,2,Ki11_1310
2019,Ki11,1310,5,harvest,LE,0.64464878,2,Ki11_1310
2019,Ki11,1310,9,harvest,LE,0.79341485,2,Ki11_1310
2019,Ki11,1310,10,harvest,LE,0.69721637,2,Ki11_1310
2019,Ki11,1310,11,harvest,LE,0.79616077,2,Ki11_1310
2019,Ki11,1310,12,harvest,LE,0.99840382,2,Ki11_1310
2019,Ki11,1310,13,harvest,LE,0.97581616,2,Ki11_1310
2019,B73,1311,1,harvest,NO,0.16700957,2,B73_1311
2019,B73,1311,2,harvest,NO,0.0820502,3,B73_1311
2019,B73,1311,3,harvest,NO,0.52373948,3,B73_1311
2019,B73,1311,4,harvest,NO,0.31860363,3,B73_1311
2019,B73,1311,5,harvest,NO,0.46521385,3,B73_1311
2019,B73,1311,6,harvest,NO,0.14178684,2,B73_1311
2019,B73,1311,7,harvest,NO,0.80187744,1,B73_1311
2019,B73,1311,8,harvest,NO,0.22778491,2,B73_1311
2019,B73,1311,9,harvest,NO,0.6308525,2,B73_1311
2019,B73,1311,10,harvest,NO,0.16794894,2,B73_1311
2019,B73,1311,11,harvest,NO,0.6476465,2,B73_1311
2019,Tzi9,1312,1,harvest,LE,0.53586002,2,Tzi9_1312
2019,Tzi9,1312,2,harvest,LE,0.68421503,2,Tzi9_1312
2019,Tzi9,1312,3,harvest,LE,0.57314369,2,Tzi9_1312
2019,Tzi9,1312,4,harvest,LE,0.72937185,1,Tzi9_1312
2019,Tzi9,1312,5,harvest,LE,0.62435877,2,Tzi9_1312
2019,Tzi9,1312,6,harvest,LE,0.79998127,1,Tzi9_1312
2019,Tzi9,1312,8,harvest,LE,0.73103052,2,Tzi9_1312
2019,Tzi9,1312,9,harvest,LE,0.73338327,1,Tzi9_1312
2019,Tzi9,1312,10,harvest,LE,0.37689504,1,Tzi9_1312
2019,Tzi9,1312,11,harvest,LE,0.38829436,2,Tzi9_1312
2019,Tzi9,1312,12,harvest,LE,0.86092186,1,Tzi9_1312
2019,Tzi9,1312,13,harvest,LE,0.51625083,2,Tzi9_1312
2019,Tzi9,1312,14,harvest,LE,0.42090162,2,Tzi9_1312
2019,Tzi9,1312,15,harvest,LE,0.7296208,2,Tzi9_1312
2019,Hickory King,1314,1,harvest,NO,0.14989373,3,Hickory King_1314
2019,Hickory King,1314,3,harvest,NO,0.57866142,2,Hickory King_1314
2019,Hickory King,1314,4,harvest,NO,0.60076156,3,Hickory King_1314
2019,Hickory King,1314,5,harvest,NO,0.74368064,2,Hickory King_1314
2019,Hickory King,1314,6,harvest,NO,0.34225166,2,Hickory King_1314
2019,CML247,1315,1,harvest,LE,0.63320621,3,CML247_1315
2019,CML247,1315,2,harvest,LE,0.77659997,2,CML247_1315
2019,CML247,1315,3,harvest,LE,0.83846889,2,CML247_1315
2019,CML247,1315,4,harvest,LE,0.67646099,2,CML247_1315
2019,CML247,1315,5,harvest,LE,0.76982295,1,CML247_1315
2019,CML247,1315,6,harvest,LE,0.67770003,2,CML247_1315
2019,CML247,1315,7,harvest,LE,0.715465,1,CML247_1315
2019,CML247,1315,8,harvest,LE,0.68334924,2,CML247_1315
2019,R78,1316,1,harvest,LE,0.37328248,3,R78_1316
2019,R78,1316,2,harvest,LE,0.82207479,2,R78_1316
2019,R78,1316,3,harvest,LE,0.12784469,2,R78_1316
2019,R78,1316,4,harvest,LE,0.69910366,2,R78_1316
2019,R78,1316,5,harvest,LE,0.61838319,2,R78_1316
2019,R78,1316,6,harvest,LE,0.86103969,3,R78_1316
2019,R78,1316,8,harvest,LE,0.49702303,1,R78_1316
2019,R78,1316,9,harvest,LE,0.65506621,2,R78_1316
2019,R78,1316,10,harvest,LE,0.51253998,2,R78_1316
2019,R78,1316,11,harvest,LE,0.72812345,2,R78_1316
2019,R78,1316,12,harvest,LE,0.6252588,2,R78_1316
2019,R78,1316,13,harvest,LE,0.01882157,2,R78_1316
2019,Oh43,1317,1,harvest,NO,0.61909487,1,Oh43_1317
2019,Oh43,1317,2,harvest,NO,0.87463106,1,Oh43_1317
2019,Oh43,1317,3,harvest,NO,0.85621937,1,Oh43_1317
2019,Oh43,1317,4,harvest,NO,0.57599972,2,Oh43_1317
2019,Oh43,1317,6,harvest,NO,0.56999616,2,Oh43_1317
2019,NC262,1318,1,harvest,LE,0.92703248,2,NC262_1318
2019,NC262,1318,2,harvest,LE,0.7382413,2,NC262_1318
2019,NC262,1318,3,harvest,LE,1.03406403,2,NC262_1318
2019,NC262,1318,4,harvest,LE,0.59685449,3,NC262_1318
2019,CML333,1319,1,harvest,LE,0.67375715,2,CML333_1319
2019,CML333,1319,2,harvest,LE,0.86231027,1,CML333_1319
2019,CML333,1319,3,harvest,LE,0.42379337,2,CML333_1319
2019,CML333,1319,4,harvest,LE,0.585326,2,CML333_1319
2019,A632,1321,1,harvest,LE,0.5728928,2,A632_1321
2019,A632,1321,2,harvest,LE,0.56633483,3,A632_1321
2019,A632,1321,3,harvest,LE,0.37828891,2,A632_1321
2019,A632,1321,4,harvest,LE,0.34942815,2,A632_1321
2019,A632,1321,5,harvest,LE,0.59272316,2,A632_1321
2019,A632,1321,6,harvest,LE,0.76620996,2,A632_1321
2019,A632,1321,8,harvest,LE,0.6296042,2,A632_1321
2019,A632,1321,9,harvest,LE,0.75543245,2,A632_1321
2019,A632,1321,10,harvest,LE,0.70237572,2,A632_1321
2019,Hp301,1322,1,harvest,NO,0.62730233,2,Hp301_1322
2019,Hp301,1322,2,harvest,NO,0.46201209,2,Hp301_1322
2019,Hp301,1322,3,harvest,NO,0.42576964,2,Hp301_1322
2019,Hp301,1322,4,harvest,NO,0.41367157,2,Hp301_1322
2019,Hp301,1322,5,harvest,NO,0.44612202,2,Hp301_1322
2019,Hp301,1322,6,harvest,NO,0.39323189,2,Hp301_1322
2019,Hp301,1322,7,harvest,NO,0.38123645,2,Hp301_1322
2019,Hp301,1322,8,harvest,NO,0.50205572,2,Hp301_1322
2019,Hp301,1322,9,harvest,NO,0.45126754,2,Hp301_1322
2019,Hp301,1322,10,harvest,NO,0.39474067,2,Hp301_1322
2019,GT112,1323,1,harvest,LE,0.53048761,3,GT112_1323
2019,GT112,1323,2,harvest,LE,0.19097281,3,GT112_1323
2019,GT112,1323,3,harvest,LE,0.49966016,2,GT112_1323
2019,GT112,1323,5,harvest,LE,0.33060222,2,GT112_1323
2019,GT112,1323,6,harvest,LE,0.33513806,2,GT112_1323
2019,GT112,1323,7,harvest,LE,0.53876321,3,GT112_1323
2019,GT112,1326,1,harvest,LE,0.63769533,2,GT112_1326
2019,GT112,1326,2,harvest,LE,0.36205352,2,GT112_1326
2019,GT112,1326,3,harvest,LE,0.40537772,2,GT112_1326
2019,GT112,1326,4,harvest,LE,0.32066749,2,GT112_1326
2019,GT112,1326,5,harvest,LE,0.36500381,3,GT112_1326
2019,GT112,1326,6,harvest,LE,0.37302887,2,GT112_1326
2019,GT112,1326,7,harvest,LE,0.38519132,2,GT112_1326
2019,GT112,1326,8,harvest,LE,0.6770204,2,GT112_1326
2019,GT112,1326,9,harvest,LE,0.32464402,2,GT112_1326
2019,Hickory King,1327,1,harvest,NO,0.37681952,2,Hickory King_1327
2019,Hickory King,1327,2,harvest,NO,0.61955753,1,Hickory King_1327
2019,Hickory King,1327,3,harvest,NO,0.78817223,2,Hickory King_1327
2019,Hickory King,1327,4,harvest,NO,0.12042442,2,Hickory King_1327
2019,Hickory King,1327,5,harvest,NO,0.41849035,2,Hickory King_1327
2019,Hickory King,1327,6,harvest,NO,0.69817884,2,Hickory King_1327
2019,PHT60,1328,1,harvest,LE,0.57678618,2,PHT60_1328
2019,PHT60,1328,2,harvest,LE,0.61827798,2,PHT60_1328
2019,PHT60,1328,3,harvest,LE,0.72635011,2,PHT60_1328
2019,PHT60,1328,4,harvest,LE,0.63901439,2,PHT60_1328
2019,PHT60,1328,5,harvest,LE,0.46439499,2,PHT60_1328
2019,PHT60,1328,6,harvest,LE,1.12237287,1,PHT60_1328
2019,PHT60,1328,7,harvest,LE,0.38227142,2,PHT60_1328
2019,PHT60,1328,8,harvest,LE,0.44282767,2,PHT60_1328
2019,PHT60,1328,9,harvest,LE,0.88825154,1,PHT60_1328
2019,PHT60,1328,10,harvest,LE,0.69195308,2,PHT60_1328
2019,PHT60,1328,11,harvest,LE,0.83319187,2,PHT60_1328
2019,PHT60,1328,12,harvest,LE,0.86497014,1,PHT60_1328
2019,PHT60,1328,13,harvest,LE,0.61871507,2,PHT60_1328
2019,Oh7B,1329,1,harvest,NO,0.83152359,2,Oh7B_1329
2019,Oh7B,1329,2,harvest,NO,0.5248731,1,Oh7B_1329
2019,Oh7B,1329,3,harvest,NO,0.5953733,1,Oh7B_1329
2019,Oh7B,1329,4,harvest,NO,0.98725665,1,Oh7B_1329
2019,Oh7B,1329,5,harvest,NO,0.99384994,2,Oh7B_1329
2019,Oh7B,1329,6,harvest,NO,0.92434031,1,Oh7B_1329
2019,Oh7B,1329,7,harvest,NO,0.96195571,1,Oh7B_1329
2019,Oh7B,1329,8,harvest,NO,1.0425048,1,Oh7B_1329
2019,Oh7B,1329,9,harvest,NO,0.91503873,2,Oh7B_1329
2019,Oh7B,1329,10,harvest,NO,0.69795665,1,Oh7B_1329
2019,Oh7B,1329,11,harvest,NO,0.80906246,1,Oh7B_1329
2019,Oh7B,1329,12,harvest,NO,1.06956244,1,Oh7B_1329
2019,Oh7B,1329,13,harvest,NO,0.70275204,2,Oh7B_1329
2019,Tzi8,1330,1,harvest,LE,0.90622781,1,Tzi8_1330
2019,Tzi8,1330,2,harvest,LE,0.77997571,1,Tzi8_1330
2019,Tzi8,1330,3,harvest,LE,0.75501958,1,Tzi8_1330
2019,Tzi8,1330,4,harvest,LE,0.69702122,1,Tzi8_1330
2019,Tzi8,1330,5,harvest,LE,0.77964712,1,Tzi8_1330
2019,Tzi8,1330,7,harvest,LE,0.81971384,1,Tzi8_1330
2019,Tzi8,1330,8,harvest,LE,0.83808496,1,Tzi8_1330
2019,Tzi8,1330,9,harvest,LE,0.85026833,1,Tzi8_1330
2019,Tzi8,1330,10,harvest,LE,0.83991406,1,Tzi8_1330
2019,Tzi8,1330,11,harvest,LE,0.81520785,2,Tzi8_1330
2019,Tzi8,1330,12,harvest,LE,0.67277702,2,Tzi8_1330
2019,Tzi8,1330,13,harvest,LE,0.83081701,1,Tzi8_1330
2019,CML52,1331,1,harvest,LE,0.87749687,2,CML52_1331
2019,CML52,1331,2,harvest,LE,0.63485674,1,CML52_1331
2019,CML52,1331,3,harvest,LE,0.93878075,1,CML52_1331
2019,CML52,1331,4,harvest,LE,0.85184169,1,CML52_1331
2019,CML52,1331,5,harvest,LE,1.02277104,1,CML52_1331
2019,CML52,1331,6,harvest,LE,0.9602554,1,CML52_1331
2019,CML52,1331,7,harvest,LE,0.84400992,1,CML52_1331
2019,CML52,1331,8,harvest,LE,0.82503916,1,CML52_1331
2019,CML52,1331,10,harvest,LE,0.86124814,1,CML52_1331
2019,CML52,1331,11,harvest,LE,0.90775201,1,CML52_1331
2019,CML52,1331,12,harvest,LE,0.8652271,1,CML52_1331
2019,CML52,1331,13,harvest,LE,0.94760608,1,CML52_1331
2019,CML52,1331,14,harvest,LE,0.66543861,1,CML52_1331
2019,CML52,1331,15,harvest,LE,0.87501414,1,CML52_1331
2019,CML52,1331,16,harvest,LE,0.80346539,2,CML52_1331
2019,F118,1333,1,harvest,LE,0.69372397,2,F118_1333
2019,F118,1333,2,harvest,LE,0.85568541,3,F118_1333
2019,F118,1333,3,harvest,LE,0.99462271,2,F118_1333
2019,F118,1333,4,harvest,LE,0.31355171,2,F118_1333
2019,F118,1333,5,harvest,LE,0.60570474,3,F118_1333
2019,F118,1333,6,harvest,LE,0.90258998,2,F118_1333
2019,F118,1333,7,harvest,LE,0.58460662,3,F118_1333
2019,PHR58,1334,1,harvest,LE,0.30649808,2,PHR58_1334
2019,PHR58,1334,2,harvest,LE,0.43343631,2,PHR58_1334
2019,PHR58,1334,3,harvest,LE,0.27817995,2,PHR58_1334
2019,PHR58,1334,4,harvest,LE,0.3540621,2,PHR58_1334
2019,PHR58,1334,5,harvest,LE,0.4571708,2,PHR58_1334
2019,PHR58,1334,6,harvest,LE,0.57140753,2,PHR58_1334
2019,PHR58,1334,8,harvest,LE,0.27173864,2,PHR58_1334
2019,PHR58,1334,9,harvest,LE,0.74526136,2,PHR58_1334
2019,PHR58,1334,10,harvest,LE,0.28595001,2,PHR58_1334
2019,PHR58,1334,11,harvest,LE,0.64564235,2,PHR58_1334
2019,R78,1335,1,harvest,LE,0.68272066,2,R78_1335
2019,R78,1335,2,harvest,LE,0.72178507,2,R78_1335
2019,R78,1335,3,harvest,LE,0.4566052,2,R78_1335
2019,R78,1335,4,harvest,LE,0.63170443,2,R78_1335
2019,R78,1335,5,harvest,LE,0.6347178,2,R78_1335
2019,R78,1335,7,harvest,LE,0.25622516,2,R78_1335
2019,R78,1335,8,harvest,LE,0.70273148,2,R78_1335
2019,R78,1335,9,harvest,LE,0.5182575,2,R78_1335
2019,R78,1335,10,harvest,LE,0.68896897,2,R78_1335
2019,R78,1335,11,harvest,LE,0.2631015,2,R78_1335
2019,R78,1335,12,harvest,LE,0.73106112,1,R78_1335
2019,R78,1335,13,harvest,LE,0.64327922,2,R78_1335
2019,R78,1335,14,harvest,LE,0.5466968,3,R78_1335
2019,SA24,1336,1,harvest,ES,0.88032988,1,SA24_1336
2019,SA24,1336,2,harvest,ES,0.93474654,1,SA24_1336
2019,SA24,1336,3,harvest,ES,0.90269505,1,SA24_1336
2019,SA24,1336,6,harvest,ES,1.06271962,1,SA24_1336
2019,SA24,1336,7,harvest,ES,0.90774673,1,SA24_1336
2019,SA24,1336,8,harvest,ES,0.89242029,1,SA24_1336
2019,SA24,1336,9,harvest,ES,0.86464878,1,SA24_1336
2019,SA24,1336,10,harvest,ES,0.74264791,1,SA24_1336
2019,SA24,1336,11,harvest,ES,0.77575195,1,SA24_1336
2019,SA24,1336,12,harvest,ES,0.8007634,1,SA24_1336
2019,Shoe Peg,1337,1,harvest,LE,0.62840676,3,Shoe Peg_1337
2019,Shoe Peg,1337,2,harvest,LE,0.89836032,1,Shoe Peg_1337
2019,Shoe Peg,1337,3,harvest,LE,0.23774987,3,Shoe Peg_1337
2019,Shoe Peg,1337,5,harvest,LE,0.40390311,3,Shoe Peg_1337
2019,Shoe Peg,1337,6,harvest,LE,0.6176429,2,Shoe Peg_1337
2019,Shoe Peg,1337,7,harvest,LE,0.60467037,2,Shoe Peg_1337
2019,Shoe Peg,1337,8,harvest,LE,0.54385131,2,Shoe Peg_1337
2019,Shoe Peg,1337,9,harvest,LE,0.64638837,2,Shoe Peg_1337
2019,Shoe Peg,1337,10,harvest,LE,0.78179306,2,Shoe Peg_1337
2019,Shoe Peg,1337,11,harvest,LE,0.67108462,2,Shoe Peg_1337
2019,6M502,1338,1,harvest,LE,0.28123624,3,6M502_1338
2019,6M502,1338,2,harvest,LE,0.22320649,2,6M502_1338
2019,6M502,1338,3,harvest,LE,0.79889653,2,6M502_1338
2019,6M502,1338,4,harvest,LE,0.37972448,2,6M502_1338
2019,6M502,1338,5,harvest,LE,0.76484496,1,6M502_1338
2019,6M502,1338,6,harvest,LE,0.33726342,2,6M502_1338
2019,6M502,1338,7,harvest,LE,0.31182821,2,6M502_1338
2019,6M502,1338,8,harvest,LE,0.47838339,2,6M502_1338
2019,6M502,1338,9,harvest,LE,0.53155271,2,6M502_1338
2019,6M502,1338,10,harvest,LE,0.59165928,2,6M502_1338
2019,6M502,1338,11,harvest,LE,0.47843864,2,6M502_1338
2019,6M502,1338,12,harvest,LE,1.06866387,2,6M502_1338
2019,6M502,1338,13,harvest,LE,0.70677969,3,6M502_1338
2019,6M502,1338,14,harvest,LE,0.59208242,2,6M502_1338
2019,LH252,1339,1,harvest,LE,0.29144783,2,LH252_1339
2019,LH252,1339,2,harvest,LE,0.5623755,1,LH252_1339
2019,Ky21,1340,1,harvest,ES,1.02206368,2,Ky21_1340
2019,Ky21,1340,2,harvest,NO,0.8545362,2,Ky21_1340
2019,Ky21,1340,3,harvest,NO,0.83636902,2,Ky21_1340
2019,Ky21,1340,4,harvest,NO,0.7436319,2,Ky21_1340
2019,Ky21,1340,5,harvest,NO,0.68808673,2,Ky21_1340
2019,Ky21,1340,6,harvest,NO,0.66896624,2,Ky21_1340
2019,Ky21,1340,7,harvest,NO,0.75161881,2,Ky21_1340
2019,Ky21,1340,8,harvest,NO,0.63847725,2,Ky21_1340
2019,Ky21,1340,9,harvest,NO,0.69266877,3,Ky21_1340
2019,Ky21,1340,10,harvest,NO,0.62990389,2,Ky21_1340
2019,Ky21,1340,11,harvest,NO,0.63438524,2,Ky21_1340
2019,CML373,1341,1,harvest,LE,0.89304195,3,CML373_1341
2019,CML373,1341,2,harvest,LE,0.62504067,2,CML373_1341
2019,CML373,1341,3,harvest,LE,0.59567911,3,CML373_1341
2019,CML373,1341,4,harvest,LE,0.77545815,2,CML373_1341
2019,CML373,1341,5,harvest,LE,0.66778,2,CML373_1341
2019,CML373,1341,6,harvest,LE,0.76087913,2,CML373_1341
2019,CML373,1341,7,harvest,LE,0.58362922,2,CML373_1341
2019,CML373,1341,8,harvest,LE,0.6497973,3,CML373_1341
2019,CML373,1341,9,harvest,LE,0.77492622,2,CML373_1341
2019,CML373,1341,10,harvest,LE,0.51861079,3,CML373_1341
2019,CML373,1341,11,harvest,LE,0.86264297,2,CML373_1341
2019,CML333,1342,1,harvest,LE,0.67279694,3,CML333_1342
2019,CML333,1342,2,harvest,LE,0.49796508,2,CML333_1342
2019,CML333,1342,3,harvest,LE,0.47598836,2,CML333_1342
2019,CML333,1342,4,harvest,LE,0.79630937,1,CML333_1342
2019,CML333,1342,5,harvest,LE,0.69619056,2,CML333_1342
2019,CML333,1342,6,harvest,LE,0.58912553,2,CML333_1342
2019,CML333,1342,7,harvest,LE,1.60127907,1,CML333_1342
2019,CML333,1342,8,harvest,LE,0.52744823,2,CML333_1342
2019,Ki11,1344,1,harvest,LE,0.999416,2,Ki11_1344
2019,Ki11,1344,2,harvest,LE,0.93754812,2,Ki11_1344
2019,Ki11,1344,3,harvest,LE,0.72451843,2,Ki11_1344
2019,Ki11,1344,4,harvest,LE,0.90145243,2,Ki11_1344
2019,Ki11,1344,5,harvest,LE,0.70940335,2,Ki11_1344
2019,Ki11,1344,6,harvest,LE,0.73319206,2,Ki11_1344
2019,Ki11,1344,7,harvest,LE,0.80083608,1,Ki11_1344
2019,Ki11,1344,8,harvest,LE,0.86552365,2,Ki11_1344
2019,Hp301,1345,1,harvest,AS,0.39117617,2,Hp301_1345
2019,Hp301,1345,2,harvest,AS,0.23817222,2,Hp301_1345
2019,Hp301,1345,3,harvest,AS,0.13591827,2,Hp301_1345
2019,Hp301,1345,5,harvest,AS,0.04392685,2,Hp301_1345
2019,Hp301,1345,6,harvest,AS,0.16704039,2,Hp301_1345
2019,Hp301,1345,7,harvest,AS,0.18973859,2,Hp301_1345
2019,Hp301,1345,8,harvest,AS,0.2133928,2,Hp301_1345
2019,Hp301,1345,9,harvest,AS,0.46951868,1,Hp301_1345
2019,Hp301,1345,10,harvest,AS,0.22879123,1,Hp301_1345
2019,Hp301,1345,11,harvest,AS,0.06398095,2,Hp301_1345
2019,Oh7B,1346,1,harvest,LE,0.71243473,2,Oh7B_1346
2019,Oh7B,1346,2,harvest,LE,0.8379308,1,Oh7B_1346
2019,Oh7B,1346,3,harvest,LE,0.70867838,1,Oh7B_1346
2019,Oh7B,1346,4,harvest,LE,0.45762289,2,Oh7B_1346
2019,Oh7B,1346,5,harvest,LE,0.86734892,1,Oh7B_1346
2019,Oh7B,1346,6,harvest,LE,1.07697939,1,Oh7B_1346
2019,Oh7B,1346,7,harvest,LE,1.05196181,1,Oh7B_1346
2019,Oh7B,1346,8,harvest,LE,0.78200014,2,Oh7B_1346
2019,Oh7B,1346,9,harvest,LE,0.8653582,1,Oh7B_1346
2019,Oh7B,1346,10,harvest,LE,0.73870102,1,Oh7B_1346
2019,Oh7B,1346,12,harvest,LE,0.73586634,2,Oh7B_1346
2019,Oh7B,1346,13,harvest,LE,1.20081733,1,Oh7B_1346
2019,PHB47,1347,1,harvest,NO,0.47596171,1,PHB47_1347
2019,PHB47,1347,2,harvest,NO,0.67518369,1,PHB47_1347
2019,PHB47,1347,3,harvest,NO,0.53644601,1,PHB47_1347
2019,PHB47,1347,4,harvest,NO,0.44956594,1,PHB47_1347
2019,PHB47,1347,5,harvest,NO,0.97502799,1,PHB47_1347
2019,PHB47,1347,6,harvest,NO,0.93460566,1,PHB47_1347
2019,PHB47,1347,7,harvest,NO,0.54726496,1,PHB47_1347
2019,PHB47,1347,8,harvest,NO,0.67228939,1,PHB47_1347
2019,PHB47,1347,9,harvest,NO,0.48166803,1,PHB47_1347
2019,PHB47,1347,10,harvest,NO,0.43959212,1,PHB47_1347
2019,M162W,1348,1,harvest,LE,0.70159859,3,M162W_1348
2019,M162W,1348,3,harvest,LE,0.65289994,2,M162W_1348
2019,M162W,1348,4,harvest,LE,0.65193375,2,M162W_1348
2019,M162W,1348,6,harvest,LE,0.57791251,2,M162W_1348
2019,M162W,1348,7,harvest,LE,0.53924545,2,M162W_1348
2019,M162W,1348,9,harvest,LE,0.5418266,2,M162W_1348
2019,M162W,1348,10,harvest,LE,0.60331191,3,M162W_1348
2019,M162W,1348,11,harvest,LE,0.50192026,2,M162W_1348
2019,W64A,1349,1,harvest,NO,0.48239757,3,W64A_1349
2019,W64A,1349,2,harvest,NO,0.77323071,2,W64A_1349
2019,W64A,1349,3,harvest,NO,0.45819193,3,W64A_1349
2019,W64A,1349,4,harvest,NO,0.56638518,2,W64A_1349
2019,W64A,1349,5,harvest,NO,0.83646646,3,W64A_1349
2019,W64A,1349,6,harvest,NO,0.6842107,2,W64A_1349
2019,W64A,1349,7,harvest,NO,0.27694572,2,W64A_1349
2019,W64A,1349,8,harvest,NO,0.48181762,2,W64A_1349
2019,W64A,1349,9,harvest,NO,0.91619047,2,W64A_1349
2019,W64A,1349,10,harvest,NO,0.68775595,2,W64A_1349
2019,W64A,1349,11,harvest,NO,0.35826886,3,W64A_1349
2019,Hickory King,1350,1,harvest,LE,0.34076459,3,Hickory King_1350
2019,Hickory King,1350,2,harvest,LE,0.64905979,2,Hickory King_1350
2019,Hickory King,1350,3,harvest,LE,0.56216973,2,Hickory King_1350
2019,Hickory King,1350,4,harvest,LE,0.80523729,2,Hickory King_1350
2019,Hickory King,1350,5,harvest,LE,0.51834992,2,Hickory King_1350
2019,Hickory King,1350,6,harvest,LE,0.65781727,2,Hickory King_1350
2019,Hickory King,1350,7,harvest,LE,0.48443137,3,Hickory King_1350
2019,PHHB4,1351,1,harvest,ES,0.61291796,2,PHHB4_1351
2019,PHHB4,1351,2,harvest,ES,0.63110095,2,PHHB4_1351
2019,PHHB4,1351,3,harvest,ES,0.60231512,2,PHHB4_1351
2019,PHHB4,1351,4,harvest,ES,0.45316986,2,PHHB4_1351
2019,PHHB4,1351,5,harvest,ES,0.64838729,2,PHHB4_1351
2019,PHHB4,1351,6,harvest,ES,0.53460465,2,PHHB4_1351
2019,PHHB4,1351,7,harvest,ES,0.32437108,2,PHHB4_1351
2019,PHHB4,1351,8,harvest,ES,0.41328267,2,PHHB4_1351
2019,PHHB4,1351,9,harvest,ES,0.42006393,2,PHHB4_1351
2019,PHHB4,1351,10,harvest,ES,0.84541945,1,PHHB4_1351
2019,PHHB4,1351,11,harvest,ES,0.63063255,2,PHHB4_1351
2019,Tzi8,1352,3,harvest,LE,0.66013503,2,Tzi8_1352
2019,Tzi8,1352,4,harvest,LE,0.55284859,2,Tzi8_1352
2019,Tzi8,1352,5,harvest,LE,0.84946649,2,Tzi8_1352
2019,Tzi8,1352,6,harvest,LE,0.66167006,2,Tzi8_1352
2019,Tzi8,1352,7,harvest,LE,0.59193061,2,Tzi8_1352
2019,Tzi8,1352,8,harvest,LE,0.6556005,2,Tzi8_1352
2019,Tzi8,1352,9,harvest,LE,0.50262503,2,Tzi8_1352
2019,Tzi8,1352,10,harvest,LE,0.42407379,2,Tzi8_1352
2019,Tzi8,1352,11,harvest,LE,0.6785218,2,Tzi8_1352
2019,Tzi8,1352,12,harvest,LE,0.83550103,2,Tzi8_1352
2019,Tzi8,1352,13,harvest,LE,0.67180688,2,Tzi8_1352
2019,CML52,1353,1,harvest,LE,0.89252244,2,CML52_1353
2019,CML52,1353,2,harvest,LE,0.95668214,1,CML52_1353
2019,CML52,1353,3,harvest,LE,0.94045261,1,CML52_1353
2019,CML52,1353,4,harvest,LE,0.9113834,1,CML52_1353
2019,CML52,1353,5,harvest,LE,0.97355747,1,CML52_1353
2019,CML52,1353,6,harvest,LE,0.77598671,1,CML52_1353
2019,CML52,1353,7,harvest,LE,0.96860216,1,CML52_1353
2019,CML52,1353,8,harvest,LE,1.13315517,1,CML52_1353
2019,CML52,1353,10,harvest,LE,1.03842921,1,CML52_1353
2019,CML52,1353,11,harvest,LE,0.78154266,2,CML52_1353
2019,CML52,1353,12,harvest,LE,0.78111822,1,CML52_1353
2019,CML52,1353,15,harvest,LE,0.91056584,1,CML52_1353
2019,CML52,1353,16,harvest,LE,0.9000798,2,CML52_1353
2019,GT112,1354,1,harvest,LE,0.69480197,2,GT112_1354
2019,GT112,1354,2,harvest,LE,0.51428719,2,GT112_1354
2019,GT112,1354,3,harvest,LE,0.39429854,2,GT112_1354
2019,GT112,1354,4,harvest,LE,0.46041439,2,GT112_1354
2019,GT112,1354,5,harvest,LE,0.4896661,2,GT112_1354
2019,GT112,1354,6,harvest,LE,0.13317316,2,GT112_1354
2019,GT112,1354,7,harvest,LE,0.6920197,2,GT112_1354
2019,Tzi9,1355,1,harvest,LE,0.67416044,2,Tzi9_1355
2019,Tzi9,1355,2,harvest,LE,0.74872583,2,Tzi9_1355
2019,Tzi9,1355,3,harvest,LE,0.6255658,2,Tzi9_1355
2019,Tzi9,1355,4,harvest,LE,0.42197328,2,Tzi9_1355
2019,Tzi9,1355,5,harvest,LE,0.73912653,2,Tzi9_1355
2019,Tzi9,1355,6,harvest,LE,0.62973071,2,Tzi9_1355
2019,Tzi9,1355,7,harvest,LE,0.61218142,2,Tzi9_1355
2019,Tzi9,1355,8,harvest,LE,0.46333606,2,Tzi9_1355
2019,Tzi9,1355,9,harvest,LE,0.45527107,2,Tzi9_1355
2019,Tzi9,1355,10,harvest,LE,0.54291298,2,Tzi9_1355
2019,Tzi9,1355,11,harvest,LE,0.83935549,1,Tzi9_1355
2019,Tzi9,1355,12,harvest,LE,0.4468585,2,Tzi9_1355
2019,Tzi9,1355,13,harvest,LE,0.58579003,3,Tzi9_1355
2019,Tzi9,1355,14,harvest,LE,0.91881502,2,Tzi9_1355
2019,Tzi9,1355,15,harvest,LE,0.59173856,2,Tzi9_1355
2019,Tzi9,1355,16,harvest,LE,0.59301483,3,Tzi9_1355
2019,CML103,1356,1,harvest,LE,0.66575155,2,CML103_1356
2019,CML103,1356,2,harvest,LE,0.9060202,1,CML103_1356
2019,CML103,1356,6,harvest,LE,0.79349063,2,CML103_1356
2019,CML103,1356,9,harvest,LE,0.40232244,2,CML103_1356
2019,L163,1357,1,harvest,LE,0.26811444,3,L163_1357
2019,L163,1357,2,harvest,LE,0.44565557,2,L163_1357
2019,L163,1357,3,harvest,LE,0.40067471,3,L163_1357
2019,L163,1357,4,harvest,LE,0.29446812,3,L163_1357
2019,L163,1357,5,harvest,LE,0.33369404,2,L163_1357
2019,L163,1357,6,harvest,LE,0.29674186,3,L163_1357
2019,L163,1357,7,harvest,LE,0.24767688,3,L163_1357
2019,L163,1357,8,harvest,LE,0.38149043,3,L163_1357
2019,L163,1357,9,harvest,LE,0.28194526,3,L163_1357
2019,L163,1357,10,harvest,LE,0.19352844,2,L163_1357
2019,L163,1357,11,harvest,LE,0.29092508,2,L163_1357
2019,L163,1357,12,harvest,LE,0.45128672,3,L163_1357
2019,L163,1357,13,harvest,LE,0.3901141,2,L163_1357
2019,L163,1357,14,harvest,LE,0.6688137,3,L163_1357
2019,L163,1357,15,harvest,LE,0.29853276,3,L163_1357
2019,L163,1357,16,harvest,LE,0.40239395,2,L163_1357
2019,W64A,1358,1,harvest,NO,0.34295404,3,W64A_1358
2019,W64A,1358,2,harvest,NO,0.58612685,2,W64A_1358
2019,W64A,1358,3,harvest,NO,0.89202404,2,W64A_1358
2019,W64A,1358,4,harvest,NO,0.4116002,2,W64A_1358
2019,W64A,1358,5,harvest,NO,0.86456164,2,W64A_1358
2019,W64A,1358,6,harvest,NO,0.52550045,3,W64A_1358
2019,W64A,1358,7,harvest,NO,0.6647432,2,W64A_1358
2019,W64A,1358,9,harvest,NO,0.39240294,3,W64A_1358
2019,W64A,1358,10,harvest,NO,0.72265671,2,W64A_1358
2019,W64A,1358,11,harvest,NO,0.54413778,3,W64A_1358
2019,CML69,1359,1,harvest,LE,0.77319178,2,CML69_1359
2019,CML69,1359,2,harvest,LE,0.84217424,1,CML69_1359
2019,CML69,1359,3,harvest,LE,0.84751682,1,CML69_1359
2019,CML69,1359,4,harvest,LE,0.70681162,1,CML69_1359
2019,CML69,1359,5,harvest,LE,0.61001078,1,CML69_1359
2019,CML69,1359,6,harvest,LE,0.74510186,2,CML69_1359
2019,CML69,1359,7,harvest,LE,0.69214406,1,CML69_1359
2019,CML69,1359,8,harvest,LE,0.94655589,1,CML69_1359
2019,CML69,1359,9,harvest,LE,0.73530308,2,CML69_1359
2019,CML69,1359,10,harvest,LE,0.69141419,1,CML69_1359
2019,CML69,1359,11,harvest,LE,0.89723026,1,CML69_1359
2019,CML69,1359,12,harvest,LE,0.83104656,1,CML69_1359
2019,CML69,1359,13,harvest,LE,0.8100507,1,CML69_1359
2019,CML69,1359,14,harvest,LE,0.91450993,2,CML69_1359
2019,Mo18W,1362,1,harvest,LE,0.38372031,3,Mo18W_1362
2019,Mo18W,1362,2,harvest,LE,0.48711543,3,Mo18W_1362
2019,Mo18W,1362,3,harvest,LE,0.87473757,2,Mo18W_1362
2019,Mo18W,1362,4,harvest,LE,0.5302322,2,Mo18W_1362
2019,Mo18W,1362,5,harvest,LE,0.91231866,2,Mo18W_1362
2019,Mo18W,1362,6,harvest,LE,0.83623016,2,Mo18W_1362
2019,Mo18W,1362,7,harvest,LE,0.74132661,2,Mo18W_1362
2019,Mo18W,1362,8,harvest,LE,0.7978459,1,Mo18W_1362
2019,Mo18W,1362,9,harvest,LE,0.62568976,3,Mo18W_1362
2019,Mo18W,1362,10,harvest,LE,0.50738084,3,Mo18W_1362
2019,Mo18W,1362,13,harvest,LE,0.93126388,2,Mo18W_1362
2019,Mo18W,1362,14,harvest,LE,0.596476,2,Mo18W_1362
2019,Mo18W,1362,15,harvest,LE,0.71351945,3,Mo18W_1362
2019,LH252,1364,1,harvest,LE,0.31324631,1,LH252_1364
2019,Hickory King,1367,1,harvest,AS,0.783057,2,Hickory King_1367
2019,Hickory King,1367,2,harvest,AS,0.64813061,2,Hickory King_1367
2019,Hickory King,1367,3,harvest,AS,0.83576778,1,Hickory King_1367
2019,Hickory King,1367,4,harvest,AS,0.62609191,1,Hickory King_1367
2019,Hickory King,1367,5,harvest,AS,0.96686128,2,Hickory King_1367
2019,Hickory King,1367,6,harvest,AS,0.74446533,2,Hickory King_1367
2019,Hickory King,1367,7,harvest,AS,0.75628589,3,Hickory King_1367
2019,Hickory King,1367,8,harvest,AS,0.53042741,2,Hickory King_1367
2019,CML341,1368,1,harvest,LE,0.6145626,2,CML341_1368
2019,CML341,1368,2,harvest,LE,0.63101763,3,CML341_1368
2019,CML341,1368,3,harvest,LE,0.46196359,3,CML341_1368
2019,CML341,1368,4,harvest,LE,0.77489988,1,CML341_1368
2019,CML341,1368,5,harvest,LE,0.89667748,1,CML341_1368
2019,CML341,1368,6,harvest,LE,0.79928849,2,CML341_1368
2019,CML341,1368,7,harvest,LE,0.76806624,2,CML341_1368
2019,CML341,1368,8,harvest,LE,0.88158143,1,CML341_1368
2019,CML341,1368,9,harvest,LE,0.57886707,2,CML341_1368
2019,CML341,1368,10,harvest,LE,0.61688942,2,CML341_1368
2019,CML341,1368,11,harvest,LE,0.46720721,2,CML341_1368
2019,CML341,1368,12,harvest,LE,0.43558452,2,CML341_1368
2019,CML341,1368,13,harvest,LE,0.80558765,2,CML341_1368
2019,CML341,1368,14,harvest,LE,0.68442058,2,CML341_1368
2019,CML341,1368,15,harvest,LE,0.59320877,3,CML341_1368
2019,CML341,1368,16,harvest,LE,0.87510854,1,CML341_1368
2019,R84,1369,1,harvest,NO,0.81727734,2,R84_1369
2019,R84,1369,2,harvest,NO,0.32154206,2,R84_1369
2019,R84,1369,3,harvest,NO,0.37797989,2,R84_1369
2019,R84,1369,4,harvest,NO,0.63772307,2,R84_1369
2019,R84,1369,5,harvest,NO,1.11410282,1,R84_1369
2019,R84,1369,6,harvest,NO,0.8704494,1,R84_1369
2019,R84,1369,7,harvest,NO,0.88255373,1,R84_1369
2019,R84,1369,8,harvest,NO,1.01222702,1,R84_1369
2019,R84,1369,9,harvest,NO,0.91524043,1,R84_1369
2019,R84,1369,10,harvest,NO,0.74944801,1,R84_1369
2019,R84,1369,11,harvest,NO,0.70356257,1,R84_1369
2019,R84,1369,12,harvest,NO,0.58721701,2,R84_1369
2019,R84,1369,13,harvest,NO,0.94898896,1,R84_1369
2019,R84,1369,14,harvest,NO,0.74599449,2,R84_1369
2019,R84,1369,15,harvest,NO,0.17671279,2,R84_1369
2019,M37W,1370,1,harvest,LE,0.33121413,3,M37W_1370
2019,M37W,1370,2,harvest,LE,0.62690499,4,M37W_1370
2019,M37W,1370,3,harvest,LE,0.47892895,3,M37W_1370
2019,M37W,1370,4,harvest,LE,1.08250635,1,M37W_1370
2019,M37W,1370,5,harvest,LE,0.88028706,2,M37W_1370
2019,M37W,1370,6,harvest,LE,0.7363317,2,M37W_1370
2019,M37W,1370,7,harvest,LE,0.24615374,2,M37W_1370
2019,M37W,1370,9,harvest,LE,0.31852332,3,M37W_1370
2019,M37W,1370,10,harvest,LE,0.40930586,2,M37W_1370
2019,M37W,1370,11,harvest,LE,0.39290081,2,M37W_1370
2019,M37W,1370,12,harvest,LE,0.65090224,2,M37W_1370
2019,M37W,1370,13,harvest,LE,0.33583489,3,M37W_1370
2019,Ky21,1371,1,harvest,LE,0.54283576,3,Ky21_1371
2019,Ky21,1371,2,harvest,LE,0.96398552,2,Ky21_1371
2019,Ky21,1371,3,harvest,LE,0.86784071,2,Ky21_1371
2019,Ky21,1371,4,harvest,LE,0.88498914,2,Ky21_1371
2019,Ky21,1371,5,harvest,LE,0.8552019,2,Ky21_1371
2019,Ky21,1371,6,harvest,LE,0.86266176,2,Ky21_1371
2019,Ky21,1371,7,harvest,LE,1.00608779,1,Ky21_1371
2019,Ky21,1371,8,harvest,LE,0.67077997,2,Ky21_1371
2019,PHK46,1372,1,harvest,KL,0.46481337,2,PHK46_1372
2019,PHK46,1372,2,harvest,KL,0.46476107,2,PHK46_1372
2019,PHK46,1372,3,harvest,KL,0.60496264,3,PHK46_1372
2019,PHK46,1372,4,harvest,KL,0.4844332,2,PHK46_1372
2019,PHK46,1372,5,harvest,KL,0.49299308,2,PHK46_1372
2019,PHK46,1372,6,harvest,KL,0.43716395,3,PHK46_1372
2019,PHK46,1372,7,harvest,KL,0.18087826,3,PHK46_1372
2019,PHK46,1372,8,harvest,KL,0.62033468,3,PHK46_1372
2019,PHK46,1372,9,harvest,KL,0.50591524,2,PHK46_1372
2019,PHK46,1372,10,harvest,KL,0.59398136,3,PHK46_1372
2019,PHK46,1372,11,harvest,KL,0.70983564,3,PHK46_1372
2019,PHK46,1372,12,harvest,KL,0.82897651,2,PHK46_1372
2019,PHK46,1372,13,harvest,KL,0.71712151,3,PHK46_1372
2019,B97,1373,1,harvest,LE,0.75151443,1,B97_1373
2019,B97,1373,2,harvest,LE,0.86347548,1,B97_1373
2019,B97,1373,3,harvest,LE,0.71303631,1,B97_1373
2019,B97,1373,4,harvest,LE,0.60131591,1,B97_1373
2019,B97,1373,5,harvest,LE,0.75364047,1,B97_1373
2019,B97,1373,6,harvest,LE,0.89899724,1,B97_1373
2019,B97,1373,7,harvest,LE,0.7150326,1,B97_1373
2019,B97,1373,8,harvest,LE,0.85950425,1,B97_1373
2019,B97,1373,9,harvest,LE,0.63560358,2,B97_1373
2019,B97,1373,10,harvest,LE,0.74022451,1,B97_1373
2019,B97,1373,11,harvest,LE,0.68973204,2,B97_1373
2019,B97,1373,12,harvest,LE,0.74260564,1,B97_1373
2019,CML10,1374,1,harvest,LE,0.84892262,3,CML10_1374
2019,CML10,1374,2,harvest,LE,0.76592015,2,CML10_1374
2019,CML10,1374,3,harvest,LE,0.71958177,2,CML10_1374
2019,CML10,1374,4,harvest,LE,0.47326804,2,CML10_1374
2019,CML10,1374,5,harvest,LE,0.93456377,1,CML10_1374
2019,CML10,1374,6,harvest,LE,0.7868509,1,CML10_1374
2019,CML10,1374,8,harvest,LE,0.89129191,2,CML10_1374
2019,CML10,1374,9,harvest,LE,0.79709275,1,CML10_1374
2019,CML10,1374,10,harvest,LE,0.72465813,2,CML10_1374
2019,CML10,1374,11,harvest,LE,0.99751916,2,CML10_1374
2019,Ki3,1375,1,harvest,LE,0.57468238,2,Ki3_1375
2019,Ki3,1375,2,harvest,LE,0.70872192,1,Ki3_1375
2019,Ki3,1375,3,harvest,LE,0.52625523,3,Ki3_1375
2019,Ki3,1375,4,harvest,LE,0.52892093,3,Ki3_1375
2019,CML228,1376,1,harvest,LE,0.73325985,2,CML228_1376
2019,CML228,1376,2,harvest,LE,0.72658224,2,CML228_1376
2019,CML228,1376,3,harvest,LE,0.65572504,2,CML228_1376
2019,CML228,1376,4,harvest,LE,0.57037829,3,CML228_1376
2019,CML228,1376,5,harvest,LE,0.59201884,2,CML228_1376
2019,CML228,1376,6,harvest,LE,0.56965543,3,CML228_1376
2019,CML228,1376,7,harvest,LE,0.86612852,2,CML228_1376
2019,CML228,1376,8,harvest,LE,0.68695564,2,CML228_1376
2019,CML228,1376,9,harvest,LE,0.97839581,2,CML228_1376
2019,CML228,1376,10,harvest,LE,0.35270719,3,CML228_1376
2019,B104,1379,1,harvest,ES,0.55801546,3,B104_1379
2019,B104,1379,2,harvest,ES,0.84610286,2,B104_1379
2019,B104,1379,3,harvest,ES,0.6440753,2,B104_1379
2019,B104,1379,4,harvest,ES,0.93786188,2,B104_1379
2019,B104,1379,5,harvest,ES,0.77610074,2,B104_1379
2019,B104,1379,6,harvest,ES,1.03915598,2,B104_1379
2019,B104,1379,7,harvest,ES,0.5884409,2,B104_1379
2019,B104,1379,8,harvest,ES,0.79294579,2,B104_1379
2019,B104,1379,9,harvest,ES,0.78006224,2,B104_1379
2019,B104,1379,10,harvest,ES,0.44142862,2,B104_1379
2019,B104,1379,11,harvest,ES,0.73683007,2,B104_1379
2019,B104,1379,12,harvest,ES,1.04228116,2,B104_1379
2019,B104,1379,13,harvest,ES,0.66473753,2,B104_1379
2019,B104,1379,14,harvest,ES,0.92518415,2,B104_1379
2019,CML247,1380,1,harvest,LE,0.49002105,3,CML247_1380
2019,CML247,1380,2,harvest,LE,0.71391921,1,CML247_1380
2019,CML247,1380,3,harvest,LE,0.54083596,4,CML247_1380
2019,CML247,1380,4,harvest,LE,0.67608402,2,CML247_1380
2019,CML247,1380,5,harvest,LE,0.59413652,3,CML247_1380
2019,CML247,1380,6,harvest,LE,0.61240725,2,CML247_1380
2019,CML247,1380,7,harvest,LE,0.69112666,3,CML247_1380
2019,CML247,1380,8,harvest,LE,0.41484138,3,CML247_1380
2019,PHT60,1381,1,harvest,LE,0.85263614,2,PHT60_1381
2019,PHT60,1381,2,harvest,LE,0.42892562,3,PHT60_1381
2019,PHT60,1381,3,harvest,LE,0.81490803,2,PHT60_1381
2019,PHT60,1381,4,harvest,LE,0.70445718,2,PHT60_1381
2019,PHT60,1381,5,harvest,LE,0.55866398,2,PHT60_1381
2019,PHT60,1381,6,harvest,LE,0.44046664,2,PHT60_1381
2019,PHT60,1381,7,harvest,LE,0.82659705,2,PHT60_1381
2019,PHT60,1381,8,harvest,LE,0.62624744,2,PHT60_1381
2019,PHT60,1381,9,harvest,LE,0.6169826,2,PHT60_1381
2019,PHT60,1381,10,harvest,LE,1.15422991,2,PHT60_1381
2019,PHT60,1381,11,harvest,LE,0.57648485,2,PHT60_1381
2019,PHT60,1381,12,harvest,LE,0.8671243,2,PHT60_1381
2019,PHT60,1381,13,harvest,LE,0.60681702,3,PHT60_1381
2019,CML258,1383,1,harvest,LE,0.62835079,3,CML258_1383
2019,CML258,1383,2,harvest,LE,0.54340489,2,CML258_1383
2019,CML258,1383,3,harvest,LE,0.74489996,2,CML258_1383
2019,CML258,1383,4,harvest,LE,0.55797961,3,CML258_1383
2019,CML258,1383,5,harvest,LE,0.61320436,2,CML258_1383
2019,CML258,1383,6,harvest,LE,0.42566621,3,CML258_1383
2019,CML258,1383,7,harvest,LE,0.30585623,3,CML258_1383
2019,CML258,1383,8,harvest,LE,0.42446459,2,CML258_1383
2019,CML258,1383,9,harvest,LE,0.66736835,2,CML258_1383
2019,CML258,1383,10,harvest,LE,0.3038986,3,CML258_1383
2019,CML258,1383,11,harvest,LE,0.63673172,2,CML258_1383
2019,Tzi8,1384,1,harvest,LE,0.63950326,3,Tzi8_1384
2019,Tzi8,1384,2,harvest,LE,0.48534622,2,Tzi8_1384
2019,Tzi8,1384,4,harvest,LE,0.78102175,1,Tzi8_1384
2019,Tzi8,1384,5,harvest,LE,0.61180645,2,Tzi8_1384
2019,Tzi8,1384,6,harvest,LE,0.64131698,1,Tzi8_1384
2019,Tzi8,1384,7,harvest,LE,0.69791007,1,Tzi8_1384
2019,Tzi8,1384,8,harvest,LE,0.77536945,1,Tzi8_1384
2019,Tzi8,1384,9,harvest,LE,0.64673725,2,Tzi8_1384
2019,Tzi8,1384,10,harvest,LE,0.82859017,1,Tzi8_1384
2019,Tzi8,1384,11,harvest,LE,0.76105906,1,Tzi8_1384
2019,Tzi8,1384,12,harvest,LE,0.86758201,2,Tzi8_1384
2019,Tzi8,1384,13,harvest,LE,0.54588045,2,Tzi8_1384
2019,Tzi8,1384,14,harvest,LE,0.8254822,2,Tzi8_1384
2019,Tzi8,1384,15,harvest,LE,0.71646183,2,Tzi8_1384
2019,Tzi8,1384,16,harvest,LE,0.77375585,2,Tzi8_1384
2019,P39,1385,1,harvest,LE,0.81483424,1,P39_1385
2019,CML277,1386,1,harvest,LE,0.78711778,2,CML277_1386
2019,CML277,1386,2,harvest,LE,0.57326238,2,CML277_1386
2019,CML277,1386,3,harvest,LE,0.8117046,1,CML277_1386
2019,CML277,1386,4,harvest,LE,0.61524419,2,CML277_1386
2019,CML277,1386,5,harvest,LE,0.52079814,2,CML277_1386
2019,CML277,1386,6,harvest,LE,0.61825243,2,CML277_1386
2019,CML277,1386,7,harvest,LE,0.72914713,2,CML277_1386
2019,2369,1389,1,harvest,LE,0.29433636,2,2369_1389
2019,2369,1389,2,harvest,LE,0.52383067,2,2369_1389
2019,2369,1389,3,harvest,LE,0.69310647,2,2369_1389
2019,2369,1389,4,harvest,LE,0.61088784,1,2369_1389
2019,2369,1389,5,harvest,LE,0.69176327,1,2369_1389
2019,2369,1389,6,harvest,LE,0.48361387,2,2369_1389
2019,2369,1389,7,harvest,LE,0.77784139,1,2369_1389
2019,2369,1389,8,harvest,LE,0.75751174,1,2369_1389
2019,2369,1389,9,harvest,LE,0.7224751,1,2369_1389
2019,2369,1389,10,harvest,LE,0.69303935,2,2369_1389
2019,2369,1389,11,harvest,LE,0.55255534,2,2369_1389
2019,2369,1389,12,harvest,LE,0.57666713,1,2369_1389
2019,2369,1389,13,harvest,LE,0.66463408,2,2369_1389
2019,2369,1389,14,harvest,LE,0.70394398,2,2369_1389
2019,2369,1389,15,harvest,LE,0.47637515,2,2369_1389
2019,2369,1389,16,harvest,LE,0.37595239,2,2369_1389
2019,CML277,1390,1,harvest,LE,0.62042622,1,CML277_1390
2019,CML277,1390,2,harvest,LE,0.50081511,2,CML277_1390
2019,CML277,1390,3,harvest,LE,0.73505713,2,CML277_1390
2019,CML277,1390,4,harvest,LE,0.97495203,1,CML277_1390
2019,CML277,1390,5,harvest,LE,0.81106895,1,CML277_1390
2019,CML277,1390,6,harvest,LE,0.52124242,1,CML277_1390
2019,CML277,1390,8,harvest,LE,0.953375,1,CML277_1390
2019,CML277,1390,9,harvest,LE,0.69748402,2,CML277_1390
2019,CML277,1390,10,harvest,LE,0.77730461,2,CML277_1390
2019,CML277,1390,11,harvest,LE,0.7347657,1,CML277_1390
2019,CML277,1390,12,harvest,LE,0.57941208,2,CML277_1390
2019,B73,1391,1,harvest,ES,0.32466229,2,B73_1391
2019,B73,1391,2,harvest,ES,0.35442735,3,B73_1391
2019,B73,1391,3,harvest,ES,0.64702659,2,B73_1391
2019,B73,1391,4,harvest,ES,0.72117226,2,B73_1391
2019,B73,1391,5,harvest,ES,0.84341516,2,B73_1391
2019,B73,1391,6,harvest,ES,0.70649324,2,B73_1391
2019,B73,1391,8,harvest,ES,0.85474068,1,B73_1391
2019,B73,1391,9,harvest,ES,0.81121013,1,B73_1391
2019,B73,1391,10,harvest,ES,0.81182658,2,B73_1391
2019,B73,1391,11,harvest,ES,0.14250696,3,B73_1391
2019,B73,1391,12,harvest,ES,0.15118383,2,B73_1391
2019,A632,1392,1,harvest,AS,0.89496352,3,A632_1392
2019,A632,1392,2,harvest,AS,0.76312682,2,A632_1392
2019,A632,1392,3,harvest,AS,0.76803205,2,A632_1392
2019,A632,1392,4,harvest,AS,0.8202261,2,A632_1392
2019,A632,1392,7,harvest,AS,0.89864027,2,A632_1392
2019,Hp301,1393,1,harvest,AS,0.73424543,2,Hp301_1393
2019,Hp301,1393,2,harvest,AS,0.45894372,2,Hp301_1393
2019,Hp301,1393,3,harvest,AS,0.82100943,1,Hp301_1393
2019,Hp301,1393,4,harvest,AS,0.69667641,2,Hp301_1393
2019,Hp301,1393,5,harvest,AS,0.52856885,2,Hp301_1393
2019,Hp301,1393,6,harvest,AS,0.39891013,2,Hp301_1393
2019,Hp301,1393,7,harvest,AS,0.51061627,3,Hp301_1393
2019,Hp301,1393,8,harvest,AS,0.4244808,2,Hp301_1393
2019,Hp301,1393,9,harvest,AS,0.67422705,2,Hp301_1393
2019,GT112,1394,1,harvest,LE,0.32366265,2,GT112_1394
2019,GT112,1394,3,harvest,LE,0.50732196,2,GT112_1394
2019,GT112,1394,4,harvest,LE,0.62356319,2,GT112_1394
2019,GT112,1394,5,harvest,LE,0.60572405,2,GT112_1394
2019,GT112,1394,6,harvest,LE,0.3737916,2,GT112_1394
2019,GT112,1394,7,harvest,LE,0.4013277,2,GT112_1394
2019,A632,1395,1,harvest,LE,0.93947869,1,A632_1395
2019,A632,1395,2,harvest,LE,0.97946566,2,A632_1395
2019,A632,1395,3,harvest,LE,0.8699152,2,A632_1395
2019,A632,1395,4,harvest,LE,0.69693103,2,A632_1395
2019,A632,1395,5,harvest,LE,0.91576107,2,A632_1395
2019,A632,1395,6,harvest,LE,0.73005245,2,A632_1395
2019,Mo17,1396,1,harvest,NO,0.27097944,3,Mo17_1396
2019,Mo17,1396,2,harvest,NO,0.35066526,2,Mo17_1396
2019,Mo17,1396,3,harvest,NO,0.48084644,2,Mo17_1396
2019,Tx303,1397,1,harvest,LE,0.60304411,2,Tx303_1397
2019,Tx303,1397,2,harvest,LE,0.52007874,1,Tx303_1397
2019,Tx303,1397,3,harvest,LE,0.65198325,1,Tx303_1397
2019,Tx303,1397,4,harvest,LE,0.9449287,2,Tx303_1397
2019,Tx303,1397,5,harvest,LE,0.5016091,2,Tx303_1397
2019,Tx303,1397,7,harvest,LE,0.74827798,2,Tx303_1397
2019,Tx303,1397,8,harvest,LE,0.79740284,1,Tx303_1397
2019,Tx303,1397,9,harvest,LE,0.42589391,1,Tx303_1397
2019,Tx303,1397,10,harvest,LE,0.76725726,1,Tx303_1397
2019,Tx303,1397,12,harvest,LE,0.27221515,2,Tx303_1397
2019,Tx303,1397,13,harvest,LE,0.58720245,1,Tx303_1397
2019,Tx303,1397,14,harvest,LE,0.76454086,1,Tx303_1397
2019,Ms71,1398,1,harvest,ES,0.52986317,2,Ms71_1398
2019,Ms71,1398,2,harvest,ES,0.81847192,2,Ms71_1398
2019,Ms71,1398,3,harvest,ES,0.66233525,2,Ms71_1398
2019,Ms71,1398,4,harvest,ES,0.69138469,1,Ms71_1398
2019,Ms71,1398,5,harvest,ES,1.12406096,1,Ms71_1398
2019,Ms71,1398,6,harvest,ES,0.78581883,2,Ms71_1398
2019,Ms71,1398,7,harvest,ES,0.4325829,2,Ms71_1398
2019,Ms71,1398,8,harvest,ES,0.67446161,1,Ms71_1398
2019,Ms71,1398,9,harvest,ES,0.53028088,2,Ms71_1398
2019,Ms71,1398,10,harvest,ES,0.73229019,1,Ms71_1398
2019,Ms71,1398,11,harvest,ES,0.33167405,2,Ms71_1398
2019,Oh43,1399,1,harvest,LE,0.54806507,2,Oh43_1399
2019,Oh43,1399,2,harvest,LE,0.65304822,2,Oh43_1399
2019,Oh43,1399,3,harvest,LE,0.62105401,2,Oh43_1399
2019,Oh43,1399,4,harvest,LE,0.50198869,2,Oh43_1399
2019,Oh43,1399,5,harvest,LE,0.55547967,2,Oh43_1399
2019,NC350,1400,1,harvest,LE,0.56896161,2,NC350_1400
2019,NC350,1400,2,harvest,LE,0.39688635,2,NC350_1400
2019,NC350,1400,3,harvest,LE,0.52428569,2,NC350_1400
2019,NC350,1400,4,harvest,LE,0.57769796,2,NC350_1400
2019,NC350,1400,5,harvest,LE,0.76457576,2,NC350_1400
2019,NC350,1400,6,harvest,LE,0.68415446,2,NC350_1400
2019,LH211,1401,1,harvest,ES,0.61355714,3,LH211_1401
2019,LH211,1401,2,harvest,ES,0.77227781,2,LH211_1401
2019,LH211,1401,3,harvest,ES,0.61711884,2,LH211_1401
2019,LH211,1401,4,harvest,ES,0.55641975,2,LH211_1401
2019,LH211,1401,5,harvest,ES,0.61062983,2,LH211_1401
2019,LH211,1401,6,harvest,ES,0.49317888,3,LH211_1401
2019,LH211,1401,7,harvest,ES,0.72516493,3,LH211_1401
2019,LH211,1401,8,harvest,ES,0.4821388,3,LH211_1401
2019,LH211,1401,10,harvest,ES,0.19117391,3,LH211_1401
2019,LH211,1401,11,harvest,ES,0.50443653,2,LH211_1401
2019,LH211,1401,12,harvest,ES,0.76562297,2,LH211_1401
2019,LH211,1401,13,harvest,ES,0.53310377,2,LH211_1401
2019,Oh43,1402,1,harvest,AS,0.7433045,2,Oh43_1402
2019,Oh43,1402,3,harvest,AS,0.6558146,2,Oh43_1402
2019,Oh43,1402,4,harvest,AS,0.58548481,2,Oh43_1402
2019,Oh43,1402,5,harvest,AS,0.65084049,2,Oh43_1402
2019,Oh43,1402,6,harvest,AS,0.64540769,2,Oh43_1402
2019,Oh43,1402,7,harvest,AS,0.68313977,2,Oh43_1402
2019,LH123Ht,1403,1,harvest,LE,0.43651036,2,LH123Ht_1403
2019,LH123Ht,1403,2,harvest,LE,0.32965555,2,LH123Ht_1403
2019,LH123Ht,1403,3,harvest,LE,0.63752484,2,LH123Ht_1403
2019,LH123Ht,1403,4,harvest,LE,0.44035597,2,LH123Ht_1403
2019,LH123Ht,1403,5,harvest,LE,0.45005969,2,LH123Ht_1403
2019,LH123Ht,1403,6,harvest,LE,0.29486199,2,LH123Ht_1403
2019,LH123Ht,1403,7,harvest,LE,0.35820059,2,LH123Ht_1403
2019,LH123Ht,1403,8,harvest,LE,0.46734885,2,LH123Ht_1403
2019,LH123Ht,1403,9,harvest,LE,0.40210954,3,LH123Ht_1403
2019,LH123Ht,1403,10,harvest,LE,0.30513943,3,LH123Ht_1403
2019,LH123Ht,1403,11,harvest,LE,0.70471239,2,LH123Ht_1403
2019,LH123Ht,1403,12,harvest,LE,0.55440779,2,LH123Ht_1403
2019,NC262,1404,1,harvest,AS,0.53419468,2,NC262_1404
2019,NC262,1404,2,harvest,AS,0.70425139,3,NC262_1404
2019,NC262,1404,3,harvest,AS,0.51055474,3,NC262_1404
2019,NC262,1404,4,harvest,AS,0.49106832,3,NC262_1404
2019,NC262,1404,5,harvest,AS,0.42529152,2,NC262_1404
2019,NC262,1404,6,harvest,AS,0.61574552,2,NC262_1404
